{
  "type": "FeatureCollection",
  "features": [
    {
      "type": "Feature",
      "properties": {
        "type": "area"
      },
      "geometry": {
        "type": "Polygon",
        "coordinates": [
          [
            [
              51.2,
              35.1
            ],
            [
              51.25,
              35.1
            ],
            [
              51.25,
              35.15
            ],
            [
              51.2,
              35.15
            ],
            [
              51.2,
              35.1
            ]
          ]
        ]
      }
    },
    {
      "type": "Feature",
      "properties": {
        "drone_id": "drone_01",
        "type": "route"
      },
      "geometry": {
        "type": "LineString",
        "coordinates": [
          [
            51.24962599935954,
            35.10000007654083
          ],
          [
            51.24977860150115,
            35.15000004547771
          ],
          [
            51.24922966470302,
            35.15000015649047
          ],
          [
            51.249077397935274,
            35.100000186727144
          ],
          [
            51.248528796494185,
            35.100000294431155
          ],
          [
            51.248680727888065,
            35.15000026501635
          ],
          [
            51.24813179105633,
            35.15000037105534
          ],
          [
            51.247980195036355,
            35.10000039965286
          ],
          [
            51.24743159356184,
            35.10000050239228
          ],
          [
            51.24758285420789,
            35.15000047460747
          ],
          [
            51.24703391734282,
            35.15000057567268
          ],
          [
            51.246882992070724,
            35.10000060264937
          ],
          [
            51.24633439056306,
            35.10000070042417
          ],
          [
            51.246484980461176,
            35.150000674251025
          ],
          [
            51.245936043563034,
            35.15000077034247
          ],
          [
            51.24578578903891,
            35.100000795716646
          ],
          [
            51.245237187498354,
            35.10000088852683
          ],
          [
            51.24538710664846,
            35.15000086394704
          ],
          [
            51.24483816971752,
            35.150000955064726
          ],
          [
            51.244688585941454,
            35.10000097885471
          ],
          [
            51.244139984368275,
            35.10000106670027
          ],
          [
            51.24428923277028,
            35.15000104369551
          ],
          [
            51.2437402958068,
            35.15000112983942
          ],
          [
            51.24359138277889,
            35.100001152063534
          ],
          [
            51.24304278117335,
            35.10000123494451
          ],
          [
            51.243191358827154,
            35.15000121349643
          ],
          [
            51.24264242183141,
            35.15000129466658
          ],
          [
            51.24249417955175,
            35.10000131534314
          ],
          [
            51.24194557791412,
            35.10000139325948
          ],
          [
            51.24209348481965,
            35.150001373349816
          ],
          [
            51.24154454779191,
            35.15000144954618
          ],
          [
            51.24139697626057,
            35.10000146869351
          ],
          [
            51.24084837459114,
            35.10000154164525
          ],
          [
            51.240995610748286,
            35.15000152325565
          ],
          [
            51.24044667368883,
            35.15000159447825
          ],
          [
            51.2402997729059,
            35.10000161211467
          ],
          [
            51.239751171204915,
            35.100001680101784
          ],
          [
            51.23989773661361,
            35.150001663213935
          ],
          [
            51.23934879952269,
            35.150001729462744
          ],
          [
            51.23920256948826,
            35.10000174560659
          ],
          [
            51.238653967756,
            35.10000180862908
          ],
          [
            51.23879986241615,
            35.15000179322467
          ],
          [
            51.23825092529404,
            35.150001854499706
          ],
          [
            51.2381053660082,
            35.10000186916927
          ],
          [
            51.23755676424493,
            35.10000192722716
          ],
          [
            51.23770198815645,
            35.15000191328785
          ],
          [
            51.237153051003425,
            35.150001969589105
          ],
          [
            51.23700816246625,
            35.10000198280273
          ],
          [
            51.23645956067224,
            35.10000203589599
          ],
          [
            51.23660411383505,
            35.150002023403474
          ],
          [
            51.23605517665138,
            35.150002074730956
          ],
          [
            51.23591095886295,
            35.100002086506954
          ],
          [
            51.23536235703846,
            35.1000021346356
          ],
          [
            51.235506239452484,
            35.15000212357155
          ],
          [
            51.234957302238435,
            35.15000216992525
          ],
          [
            51.23481375519883,
            35.10000218028194
          ],
          [
            51.23426515334413,
            35.10000222344597
          ],
          [
            51.234408365009294,
            35.150002213792064
          ],
          [
            51.23385942776513,
            35.15000225517199
          ],
          [
            51.23371655147444,
            35.100002264127696
          ],
          [
            51.23316794958979,
            35.1000023023271
          ],
          [
            51.233310490506014,
            35.15000229406503
          ],
          [
            51.232761553232,
            35.15000233047117
          ],
          [
            51.232619347690296,
            35.100002338044206
          ],
          [
            51.23207074577599,
            35.100002371279
          ],
          [
            51.23221261594318,
            35.15000236439043
          ],
          [
            51.2316636786396,
            35.150002395822796
          ],
          [
            51.231522143846945,
            35.100002402031485
          ],
          [
            51.23097354190324,
            35.10000243030166
          ],
          [
            51.23111474132134,
            35.15000242476828
          ],
          [
            51.230565803988455,
            35.15000245122687
          ],
          [
            51.23042493994493,
            35.10000245608952
          ],
          [
            51.22987633797209,
            35.100002479395066
          ],
          [
            51.230016866641016,
            35.150002475198555
          ],
          [
            51.2294679292791,
            35.15000249668337
          ],
          [
            51.22932773598478,
            35.10000250021832
          ],
          [
            51.22877913398308,
            35.10000251855925
          ],
          [
            51.228918991902766,
            35.15000251568129
          ],
          [
            51.22837005451208,
            35.15000253219231
          ],
          [
            51.22823053196704,
            35.10000253441787
          ],
          [
            51.227681929936736,
            35.100002547794176
          ],
          [
            51.22782111710711,
            35.15000254621643
          ],
          [
            51.22727217968793,
            35.150002557753695
          ],
          [
            51.22713332789224,
            35.10000255868818
          ],
          [
            51.226584725833604,
            35.100002567099885
          ],
          [
            51.22672324225459,
            35.150002566804034
          ],
          [
            51.22617430480718,
            35.1500025733675
          ],
          [
            51.22603612376091,
            35.10000257302925
          ],
          [
            51.225487521674225,
            35.10000257647633
          ],
          [
            51.225625367345756,
            35.15000257744406
          ],
          [
            51.225076429870384,
            35.150002579033746
          ]
        ]
      }
    },
    {
      "type": "Feature",
      "properties": {
        "drone_id": "drone_02",
        "type": "route"
      },
      "geometry": {
        "type": "LineString",
        "coordinates": [
          [
            51.225076429870384,
            35.150002579033746
          ],
          [
            51.2249389195736,
            35.100002577441074
          ],
          [
            51.22439031745911,
            35.100002575923526
          ],
          [
            51.22452749238113,
            35.15000257813653
          ],
          [
            51.223978554878066,
            35.15000257475243
          ],
          [
            51.223841715330835,
            35.10000257192366
          ],
          [
            51.22329311318883,
            35.10000256544148
          ],
          [
            51.22342961736126,
            35.15000256888144
          ],
          [
            51.22288067983077,
            35.150002560523546
          ],
          [
            51.22274451103316,
            35.10000255647699
          ],
          [
            51.222195908863895,
            35.100002545030186
          ],
          [
            51.22233174228668,
            35.150002549678774
          ],
          [
            51.22178280472904,
            35.1500025363471
          ],
          [
            51.22164730668111,
            35.100002531101076
          ],
          [
            51.22109870448487,
            35.10000251468965
          ],
          [
            51.22123386715793,
            35.15000252052854
          ],
          [
            51.2206849295734,
            35.15000250222309
          ],
          [
            51.22055010227522,
            35.100002495795906
          ],
          [
            51.22000150005225,
            35.10000247441986
          ],
          [
            51.22013599197554,
            35.15000248143073
          ],
          [
            51.2195870543644,
            35.1500024581515
          ],
          [
            51.219452897816026,
            35.1000024505615
          ],
          [
            51.2189042955666,
            35.100002424220826
          ],
          [
            51.21903811674006,
            35.15000243238536
          ],
          [
            51.218489179102576,
            35.15000240413234
          ],
          [
            51.21835569330406,
            35.10000239539785
          ],
          [
            51.21780709102847,
            35.100002364092546
          ],
          [
            51.21794024145202,
            35.15000237339242
          ],
          [
            51.21739130378845,
            35.15000234016559
          ],
          [
            51.21725848873987,
            35.10000233030494
          ],
          [
            51.21670988643836,
            35.100002294035015
          ],
          [
            51.21684236611196,
            35.1500023044519
          ],
          [
            51.21629342842259,
            35.1500022662513
          ],
          [
            51.21616128412399,
            35.100002255282774
          ],
          [
            51.21561268179683,
            35.10000221404822
          ],
          [
            51.21574449072041,
            35.15000222556381
          ],
          [
            51.21519555300551,
            35.150002182389414
          ],
          [
            51.21506407945695,
            35.10000217033135
          ],
          [
            51.21451547710441,
            35.100002124132175
          ],
          [
            51.21464661527793,
            35.15000213672815
          ],
          [
            51.21409767753775,
            35.150002088579974
          ],
          [
            51.213966874739285,
            35.10000207545068
          ],
          [
            51.21341827236164,
            35.10000202428687
          ],
          [
            51.21354873978504,
            35.15000203794491
          ],
          [
            51.21299980201986,
            35.15000198482294
          ],
          [
            51.212869669971546,
            35.10000197064076
          ],
          [
            51.21232106756906,
            35.10000191451231
          ],
          [
            51.21245086424228,
            35.150001929214085
          ],
          [
            51.21190192645237,
            35.15000187111835
          ],
          [
            51.21177246515425,
            35.100001855901574
          ],
          [
            51.211223862727195,
            35.10000179480851
          ],
          [
            51.21135298865019,
            35.150001810535706
          ],
          [
            51.21080405083582,
            35.15000174746618
          ],
          [
            51.21067526028795,
            35.100001731233135
          ],
          [
            51.21012665783659,
            35.100001665175434
          ],
          [
            51.2102551130093,
            35.150001681909735
          ],
          [
            51.20970617517074,
            35.150001613866415
          ],
          [
            51.20957805537318,
            35.100001596635444
          ],
          [
            51.20902945289778,
            35.10000152561313
          ],
          [
            51.20915723732018,
            35.1500015433362
          ],
          [
            51.20860829945768,
            35.150001470319076
          ],
          [
            51.20848085041046,
            35.10000145210849
          ],
          [
            51.207932247911295,
            35.10000137612153
          ],
          [
            51.20805936158332,
            35.150001394815085
          ],
          [
            51.207510423697165,
            35.15000131682416
          ],
          [
            51.20738364540035,
            35.100001297652284
          ],
          [
            51.206835042877685,
            35.10000121670072
          ],
          [
            51.20696148579928,
            35.15000123634637
          ],
          [
            51.20641254788975,
            35.15000115338168
          ],
          [
            51.20628644034337,
            35.10000113326682
          ],
          [
            51.20573783779748,
            35.1000010473506
          ],
          [
            51.20586360996862,
            35.15000106793009
          ],
          [
            51.20531467203596,
            35.15000097999161
          ],
          [
            51.20518923524007,
            35.10000095895207
          ],
          [
            51.204640632671214,
            35.10000086807125
          ],
          [
            51.20476573409184,
            35.15000088956623
          ],
          [
            51.204216796136336,
            35.150000796653956
          ],
          [
            51.204092030090976,
            35.10000077470809
          ],
          [
            51.20354342749942,
            35.10000067886263
          ],
          [
            51.2036678581695,
            35.15000070125478
          ],
          [
            51.20311892019141,
            35.15000060336872
          ],
          [
            51.20299482489663,
            35.10000058053484
          ],
          [
            51.202446222282646,
            35.10000047972474
          ],
          [
            51.202569982202135,
            35.15000050299575
          ],
          [
            51.202021044201736,
            35.150000400135895
          ],
          [
            51.20189761965756,
            35.10000037643233
          ],
          [
            51.20134901702142,
            35.1000002706576
          ],
          [
            51.20147210619028,
            35.15000029478915
          ],
          [
            51.20092316816783,
            35.150000186955495
          ],
          [
            51.200800414374314,
            35.100000162400555
          ],
          [
            51.20025181171629,
            35.10000005166119
          ],
          [
            51.20037423013447,
            35.15000007663495
          ]
        ]
      }
    },
    {
      "type": "Feature",
      "properties": {
        "drone_id": "drone_01",
        "type": "route"
      },
      "geometry": {
        "type": "LineString",
        "coordinates": [
          [
            51.24962599935954,
            35.10000007654083
          ],
          [
            51.24977860150115,
            35.15000004547771
          ],
          [
            51.24922966470302,
            35.15000015649047
          ],
          [
            51.249077397935274,
            35.100000186727144
          ],
          [
            51.248528796494185,
            35.100000294431155
          ],
          [
            51.248680727888065,
            35.15000026501635
          ],
          [
            51.24813179105633,
            35.15000037105534
          ],
          [
            51.247980195036355,
            35.10000039965286
          ],
          [
            51.24743159356184,
            35.10000050239228
          ],
          [
            51.24758285420789,
            35.15000047460747
          ],
          [
            51.24703391734282,
            35.15000057567268
          ],
          [
            51.246882992070724,
            35.10000060264937
          ],
          [
            51.24633439056306,
            35.10000070042417
          ],
          [
            51.246484980461176,
            35.150000674251025
          ],
          [
            51.245936043563034,
            35.15000077034247
          ],
          [
            51.24578578903891,
            35.100000795716646
          ],
          [
            51.245237187498354,
            35.10000088852683
          ],
          [
            51.24538710664846,
            35.15000086394704
          ],
          [
            51.24483816971752,
            35.150000955064726
          ],
          [
            51.244688585941454,
            35.10000097885471
          ],
          [
            51.244139984368275,
            35.10000106670027
          ],
          [
            51.24428923277028,
            35.15000104369551
          ],
          [
            51.2437402958068,
            35.15000112983942
          ],
          [
            51.24359138277889,
            35.100001152063534
          ],
          [
            51.24304278117335,
            35.10000123494451
          ],
          [
            51.243191358827154,
            35.15000121349643
          ],
          [
            51.24264242183141,
            35.15000129466658
          ],
          [
            51.24249417955175,
            35.10000131534314
          ],
          [
            51.24194557791412,
            35.10000139325948
          ],
          [
            51.24209348481965,
            35.150001373349816
          ],
          [
            51.24154454779191,
            35.15000144954618
          ],
          [
            51.24139697626057,
            35.10000146869351
          ],
          [
            51.24084837459114,
            35.10000154164525
          ],
          [
            51.240995610748286,
            35.15000152325565
          ],
          [
            51.24044667368883,
            35.15000159447825
          ],
          [
            51.2402997729059,
            35.10000161211467
          ],
          [
            51.239751171204915,
            35.100001680101784
          ],
          [
            51.23989773661361,
            35.150001663213935
          ],
          [
            51.23934879952269,
            35.150001729462744
          ],
          [
            51.23920256948826,
            35.10000174560659
          ],
          [
            51.238653967756,
            35.10000180862908
          ],
          [
            51.23879986241615,
            35.15000179322467
          ],
          [
            51.23825092529404,
            35.150001854499706
          ],
          [
            51.2381053660082,
            35.10000186916927
          ],
          [
            51.23755676424493,
            35.10000192722716
          ],
          [
            51.23770198815645,
            35.15000191328785
          ],
          [
            51.237153051003425,
            35.150001969589105
          ],
          [
            51.23700816246625,
            35.10000198280273
          ],
          [
            51.23645956067224,
            35.10000203589599
          ],
          [
            51.23660411383505,
            35.150002023403474
          ],
          [
            51.23605517665138,
            35.150002074730956
          ],
          [
            51.23591095886295,
            35.100002086506954
          ],
          [
            51.23536235703846,
            35.1000021346356
          ],
          [
            51.235506239452484,
            35.15000212357155
          ],
          [
            51.234957302238435,
            35.15000216992525
          ],
          [
            51.23481375519883,
            35.10000218028194
          ],
          [
            51.23426515334413,
            35.10000222344597
          ],
          [
            51.234408365009294,
            35.150002213792064
          ],
          [
            51.23385942776513,
            35.15000225517199
          ],
          [
            51.23371655147444,
            35.100002264127696
          ],
          [
            51.23316794958979,
            35.1000023023271
          ],
          [
            51.233310490506014,
            35.15000229406503
          ],
          [
            51.232761553232,
            35.15000233047117
          ],
          [
            51.232619347690296,
            35.100002338044206
          ],
          [
            51.23207074577599,
            35.100002371279
          ],
          [
            51.23221261594318,
            35.15000236439043
          ],
          [
            51.2316636786396,
            35.150002395822796
          ],
          [
            51.231522143846945,
            35.100002402031485
          ],
          [
            51.23097354190324,
            35.10000243030166
          ],
          [
            51.23111474132134,
            35.15000242476828
          ],
          [
            51.230565803988455,
            35.15000245122687
          ],
          [
            51.23042493994493,
            35.10000245608952
          ],
          [
            51.22987633797209,
            35.100002479395066
          ],
          [
            51.230016866641016,
            35.150002475198555
          ],
          [
            51.2294679292791,
            35.15000249668337
          ],
          [
            51.22932773598478,
            35.10000250021832
          ],
          [
            51.22877913398308,
            35.10000251855925
          ],
          [
            51.228918991902766,
            35.15000251568129
          ],
          [
            51.22837005451208,
            35.15000253219231
          ],
          [
            51.22823053196704,
            35.10000253441787
          ],
          [
            51.227681929936736,
            35.100002547794176
          ],
          [
            51.22782111710711,
            35.15000254621643
          ],
          [
            51.22727217968793,
            35.150002557753695
          ],
          [
            51.22713332789224,
            35.10000255868818
          ],
          [
            51.226584725833604,
            35.100002567099885
          ],
          [
            51.22672324225459,
            35.150002566804034
          ],
          [
            51.22617430480718,
            35.1500025733675
          ],
          [
            51.22603612376091,
            35.10000257302925
          ],
          [
            51.225487521674225,
            35.10000257647633
          ],
          [
            51.225625367345756,
            35.15000257744406
          ],
          [
            51.225076429870384,
            35.150002579033746
          ]
        ]
      }
    },
    {
      "type": "Feature",
      "properties": {
        "drone_id": "drone_02",
        "type": "route"
      },
      "geometry": {
        "type": "LineString",
        "coordinates": [
          [
            51.225076429870384,
            35.150002579033746
          ],
          [
            51.2249389195736,
            35.100002577441074
          ],
          [
            51.22439031745911,
            35.100002575923526
          ],
          [
            51.22452749238113,
            35.15000257813653
          ],
          [
            51.223978554878066,
            35.15000257475243
          ],
          [
            51.223841715330835,
            35.10000257192366
          ],
          [
            51.22329311318883,
            35.10000256544148
          ],
          [
            51.22342961736126,
            35.15000256888144
          ],
          [
            51.22288067983077,
            35.150002560523546
          ],
          [
            51.22274451103316,
            35.10000255647699
          ],
          [
            51.222195908863895,
            35.100002545030186
          ],
          [
            51.22233174228668,
            35.150002549678774
          ],
          [
            51.22178280472904,
            35.1500025363471
          ],
          [
            51.22164730668111,
            35.100002531101076
          ],
          [
            51.22109870448487,
            35.10000251468965
          ],
          [
            51.22123386715793,
            35.15000252052854
          ],
          [
            51.2206849295734,
            35.15000250222309
          ],
          [
            51.22055010227522,
            35.100002495795906
          ],
          [
            51.22000150005225,
            35.10000247441986
          ],
          [
            51.22013599197554,
            35.15000248143073
          ],
          [
            51.2195870543644,
            35.1500024581515
          ],
          [
            51.219452897816026,
            35.1000024505615
          ],
          [
            51.2189042955666,
            35.100002424220826
          ],
          [
            51.21903811674006,
            35.15000243238536
          ],
          [
            51.218489179102576,
            35.15000240413234
          ],
          [
            51.21835569330406,
            35.10000239539785
          ],
          [
            51.21780709102847,
            35.100002364092546
          ],
          [
            51.21794024145202,
            35.15000237339242
          ],
          [
            51.21739130378845,
            35.15000234016559
          ],
          [
            51.21725848873987,
            35.10000233030494
          ],
          [
            51.21670988643836,
            35.100002294035015
          ],
          [
            51.21684236611196,
            35.1500023044519
          ],
          [
            51.21629342842259,
            35.1500022662513
          ],
          [
            51.21616128412399,
            35.100002255282774
          ],
          [
            51.21561268179683,
            35.10000221404822
          ],
          [
            51.21574449072041,
            35.15000222556381
          ],
          [
            51.21519555300551,
            35.150002182389414
          ],
          [
            51.21506407945695,
            35.10000217033135
          ],
          [
            51.21451547710441,
            35.100002124132175
          ],
          [
            51.21464661527793,
            35.15000213672815
          ],
          [
            51.21409767753775,
            35.150002088579974
          ],
          [
            51.213966874739285,
            35.10000207545068
          ],
          [
            51.21341827236164,
            35.10000202428687
          ],
          [
            51.21354873978504,
            35.15000203794491
          ],
          [
            51.21299980201986,
            35.15000198482294
          ],
          [
            51.212869669971546,
            35.10000197064076
          ],
          [
            51.21232106756906,
            35.10000191451231
          ],
          [
            51.21245086424228,
            35.150001929214085
          ],
          [
            51.21190192645237,
            35.15000187111835
          ],
          [
            51.21177246515425,
            35.100001855901574
          ],
          [
            51.211223862727195,
            35.10000179480851
          ],
          [
            51.21135298865019,
            35.150001810535706
          ],
          [
            51.21080405083582,
            35.15000174746618
          ],
          [
            51.21067526028795,
            35.100001731233135
          ],
          [
            51.21012665783659,
            35.100001665175434
          ],
          [
            51.2102551130093,
            35.150001681909735
          ],
          [
            51.20970617517074,
            35.150001613866415
          ],
          [
            51.20957805537318,
            35.100001596635444
          ],
          [
            51.20902945289778,
            35.10000152561313
          ],
          [
            51.20915723732018,
            35.1500015433362
          ],
          [
            51.20860829945768,
            35.150001470319076
          ],
          [
            51.20848085041046,
            35.10000145210849
          ],
          [
            51.207932247911295,
            35.10000137612153
          ],
          [
            51.20805936158332,
            35.150001394815085
          ],
          [
            51.207510423697165,
            35.15000131682416
          ],
          [
            51.20738364540035,
            35.100001297652284
          ],
          [
            51.206835042877685,
            35.10000121670072
          ],
          [
            51.20696148579928,
            35.15000123634637
          ],
          [
            51.20641254788975,
            35.15000115338168
          ],
          [
            51.20628644034337,
            35.10000113326682
          ],
          [
            51.20573783779748,
            35.1000010473506
          ],
          [
            51.20586360996862,
            35.15000106793009
          ],
          [
            51.20531467203596,
            35.15000097999161
          ],
          [
            51.20518923524007,
            35.10000095895207
          ],
          [
            51.204640632671214,
            35.10000086807125
          ],
          [
            51.20476573409184,
            35.15000088956623
          ],
          [
            51.204216796136336,
            35.150000796653956
          ],
          [
            51.204092030090976,
            35.10000077470809
          ],
          [
            51.20354342749942,
            35.10000067886263
          ],
          [
            51.2036678581695,
            35.15000070125478
          ],
          [
            51.20311892019141,
            35.15000060336872
          ],
          [
            51.20299482489663,
            35.10000058053484
          ],
          [
            51.202446222282646,
            35.10000047972474
          ],
          [
            51.202569982202135,
            35.15000050299575
          ],
          [
            51.202021044201736,
            35.150000400135895
          ],
          [
            51.20189761965756,
            35.10000037643233
          ],
          [
            51.20134901702142,
            35.1000002706576
          ],
          [
            51.20147210619028,
            35.15000029478915
          ],
          [
            51.20092316816783,
            35.150000186955495
          ],
          [
            51.200800414374314,
            35.100000162400555
          ],
          [
            51.20025181171629,
            35.10000005166119
          ],
          [
            51.20037423013447,
            35.15000007663495
          ]
        ]
      }
    },
    {
      "type": "Feature",
      "properties": {
        "drone_id": "drone_01",
        "type": "route"
      },
      "geometry": {
        "type": "LineString",
        "coordinates": [
          [
            51.24962599935954,
            35.10000007654083
          ],
          [
            51.24977860150115,
            35.15000004547771
          ],
          [
            51.24922966470302,
            35.15000015649047
          ],
          [
            51.249077397935274,
            35.100000186727144
          ],
          [
            51.248528796494185,
            35.100000294431155
          ],
          [
            51.248680727888065,
            35.15000026501635
          ],
          [
            51.24813179105633,
            35.15000037105534
          ],
          [
            51.247980195036355,
            35.10000039965286
          ],
          [
            51.24743159356184,
            35.10000050239228
          ],
          [
            51.24758285420789,
            35.15000047460747
          ],
          [
            51.24703391734282,
            35.15000057567268
          ],
          [
            51.246882992070724,
            35.10000060264937
          ],
          [
            51.24633439056306,
            35.10000070042417
          ],
          [
            51.246484980461176,
            35.150000674251025
          ],
          [
            51.245936043563034,
            35.15000077034247
          ],
          [
            51.24578578903891,
            35.100000795716646
          ],
          [
            51.245237187498354,
            35.10000088852683
          ],
          [
            51.24538710664846,
            35.15000086394704
          ],
          [
            51.24483816971752,
            35.150000955064726
          ],
          [
            51.244688585941454,
            35.10000097885471
          ],
          [
            51.244139984368275,
            35.10000106670027
          ],
          [
            51.24428923277028,
            35.15000104369551
          ],
          [
            51.2437402958068,
            35.15000112983942
          ],
          [
            51.24359138277889,
            35.100001152063534
          ],
          [
            51.24304278117335,
            35.10000123494451
          ],
          [
            51.243191358827154,
            35.15000121349643
          ],
          [
            51.24264242183141,
            35.15000129466658
          ],
          [
            51.24249417955175,
            35.10000131534314
          ],
          [
            51.24194557791412,
            35.10000139325948
          ],
          [
            51.24209348481965,
            35.150001373349816
          ],
          [
            51.24154454779191,
            35.15000144954618
          ],
          [
            51.24139697626057,
            35.10000146869351
          ],
          [
            51.24084837459114,
            35.10000154164525
          ],
          [
            51.240995610748286,
            35.15000152325565
          ],
          [
            51.24044667368883,
            35.15000159447825
          ],
          [
            51.2402997729059,
            35.10000161211467
          ],
          [
            51.239751171204915,
            35.100001680101784
          ],
          [
            51.23989773661361,
            35.150001663213935
          ],
          [
            51.23934879952269,
            35.150001729462744
          ],
          [
            51.23920256948826,
            35.10000174560659
          ],
          [
            51.238653967756,
            35.10000180862908
          ],
          [
            51.23879986241615,
            35.15000179322467
          ],
          [
            51.23825092529404,
            35.150001854499706
          ],
          [
            51.2381053660082,
            35.10000186916927
          ],
          [
            51.23755676424493,
            35.10000192722716
          ],
          [
            51.23770198815645,
            35.15000191328785
          ],
          [
            51.237153051003425,
            35.150001969589105
          ],
          [
            51.23700816246625,
            35.10000198280273
          ],
          [
            51.23645956067224,
            35.10000203589599
          ],
          [
            51.23660411383505,
            35.150002023403474
          ],
          [
            51.23605517665138,
            35.150002074730956
          ],
          [
            51.23591095886295,
            35.100002086506954
          ],
          [
            51.23536235703846,
            35.1000021346356
          ],
          [
            51.235506239452484,
            35.15000212357155
          ],
          [
            51.234957302238435,
            35.15000216992525
          ],
          [
            51.23481375519883,
            35.10000218028194
          ],
          [
            51.23426515334413,
            35.10000222344597
          ],
          [
            51.234408365009294,
            35.150002213792064
          ],
          [
            51.23385942776513,
            35.15000225517199
          ],
          [
            51.23371655147444,
            35.100002264127696
          ],
          [
            51.23316794958979,
            35.1000023023271
          ],
          [
            51.233310490506014,
            35.15000229406503
          ],
          [
            51.232761553232,
            35.15000233047117
          ],
          [
            51.232619347690296,
            35.100002338044206
          ],
          [
            51.23207074577599,
            35.100002371279
          ],
          [
            51.23221261594318,
            35.15000236439043
          ],
          [
            51.2316636786396,
            35.150002395822796
          ],
          [
            51.231522143846945,
            35.100002402031485
          ],
          [
            51.23097354190324,
            35.10000243030166
          ],
          [
            51.23111474132134,
            35.15000242476828
          ],
          [
            51.230565803988455,
            35.15000245122687
          ],
          [
            51.23042493994493,
            35.10000245608952
          ],
          [
            51.22987633797209,
            35.100002479395066
          ],
          [
            51.230016866641016,
            35.150002475198555
          ],
          [
            51.2294679292791,
            35.15000249668337
          ],
          [
            51.22932773598478,
            35.10000250021832
          ],
          [
            51.22877913398308,
            35.10000251855925
          ],
          [
            51.228918991902766,
            35.15000251568129
          ],
          [
            51.22837005451208,
            35.15000253219231
          ],
          [
            51.22823053196704,
            35.10000253441787
          ],
          [
            51.227681929936736,
            35.100002547794176
          ],
          [
            51.22782111710711,
            35.15000254621643
          ],
          [
            51.22727217968793,
            35.150002557753695
          ],
          [
            51.22713332789224,
            35.10000255868818
          ],
          [
            51.226584725833604,
            35.100002567099885
          ],
          [
            51.22672324225459,
            35.150002566804034
          ],
          [
            51.22617430480718,
            35.1500025733675
          ],
          [
            51.22603612376091,
            35.10000257302925
          ],
          [
            51.225487521674225,
            35.10000257647633
          ],
          [
            51.225625367345756,
            35.15000257744406
          ],
          [
            51.225076429870384,
            35.150002579033746
          ]
        ]
      }
    },
    {
      "type": "Feature",
      "properties": {
        "drone_id": "drone_02",
        "type": "route"
      },
      "geometry": {
        "type": "LineString",
        "coordinates": [
          [
            51.225076429870384,
            35.150002579033746
          ],
          [
            51.2249389195736,
            35.100002577441074
          ],
          [
            51.22439031745911,
            35.100002575923526
          ],
          [
            51.22452749238113,
            35.15000257813653
          ],
          [
            51.223978554878066,
            35.15000257475243
          ],
          [
            51.223841715330835,
            35.10000257192366
          ],
          [
            51.22329311318883,
            35.10000256544148
          ],
          [
            51.22342961736126,
            35.15000256888144
          ],
          [
            51.22288067983077,
            35.150002560523546
          ],
          [
            51.22274451103316,
            35.10000255647699
          ],
          [
            51.222195908863895,
            35.100002545030186
          ],
          [
            51.22233174228668,
            35.150002549678774
          ],
          [
            51.22178280472904,
            35.1500025363471
          ],
          [
            51.22164730668111,
            35.100002531101076
          ],
          [
            51.22109870448487,
            35.10000251468965
          ],
          [
            51.22123386715793,
            35.15000252052854
          ],
          [
            51.2206849295734,
            35.15000250222309
          ],
          [
            51.22055010227522,
            35.100002495795906
          ],
          [
            51.22000150005225,
            35.10000247441986
          ],
          [
            51.22013599197554,
            35.15000248143073
          ],
          [
            51.2195870543644,
            35.1500024581515
          ],
          [
            51.219452897816026,
            35.1000024505615
          ],
          [
            51.2189042955666,
            35.100002424220826
          ],
          [
            51.21903811674006,
            35.15000243238536
          ],
          [
            51.218489179102576,
            35.15000240413234
          ],
          [
            51.21835569330406,
            35.10000239539785
          ],
          [
            51.21780709102847,
            35.100002364092546
          ],
          [
            51.21794024145202,
            35.15000237339242
          ],
          [
            51.21739130378845,
            35.15000234016559
          ],
          [
            51.21725848873987,
            35.10000233030494
          ],
          [
            51.21670988643836,
            35.100002294035015
          ],
          [
            51.21684236611196,
            35.1500023044519
          ],
          [
            51.21629342842259,
            35.1500022662513
          ],
          [
            51.21616128412399,
            35.100002255282774
          ],
          [
            51.21561268179683,
            35.10000221404822
          ],
          [
            51.21574449072041,
            35.15000222556381
          ],
          [
            51.21519555300551,
            35.150002182389414
          ],
          [
            51.21506407945695,
            35.10000217033135
          ],
          [
            51.21451547710441,
            35.100002124132175
          ],
          [
            51.21464661527793,
            35.15000213672815
          ],
          [
            51.21409767753775,
            35.150002088579974
          ],
          [
            51.213966874739285,
            35.10000207545068
          ],
          [
            51.21341827236164,
            35.10000202428687
          ],
          [
            51.21354873978504,
            35.15000203794491
          ],
          [
            51.21299980201986,
            35.15000198482294
          ],
          [
            51.212869669971546,
            35.10000197064076
          ],
          [
            51.21232106756906,
            35.10000191451231
          ],
          [
            51.21245086424228,
            35.150001929214085
          ],
          [
            51.21190192645237,
            35.15000187111835
          ],
          [
            51.21177246515425,
            35.100001855901574
          ],
          [
            51.211223862727195,
            35.10000179480851
          ],
          [
            51.21135298865019,
            35.150001810535706
          ],
          [
            51.21080405083582,
            35.15000174746618
          ],
          [
            51.21067526028795,
            35.100001731233135
          ],
          [
            51.21012665783659,
            35.100001665175434
          ],
          [
            51.2102551130093,
            35.150001681909735
          ],
          [
            51.20970617517074,
            35.150001613866415
          ],
          [
            51.20957805537318,
            35.100001596635444
          ],
          [
            51.20902945289778,
            35.10000152561313
          ],
          [
            51.20915723732018,
            35.1500015433362
          ],
          [
            51.20860829945768,
            35.150001470319076
          ],
          [
            51.20848085041046,
            35.10000145210849
          ],
          [
            51.207932247911295,
            35.10000137612153
          ],
          [
            51.20805936158332,
            35.150001394815085
          ],
          [
            51.207510423697165,
            35.15000131682416
          ],
          [
            51.20738364540035,
            35.100001297652284
          ],
          [
            51.206835042877685,
            35.10000121670072
          ],
          [
            51.20696148579928,
            35.15000123634637
          ],
          [
            51.20641254788975,
            35.15000115338168
          ],
          [
            51.20628644034337,
            35.10000113326682
          ],
          [
            51.20573783779748,
            35.1000010473506
          ],
          [
            51.20586360996862,
            35.15000106793009
          ],
          [
            51.20531467203596,
            35.15000097999161
          ],
          [
            51.20518923524007,
            35.10000095895207
          ],
          [
            51.204640632671214,
            35.10000086807125
          ],
          [
            51.20476573409184,
            35.15000088956623
          ],
          [
            51.204216796136336,
            35.150000796653956
          ],
          [
            51.204092030090976,
            35.10000077470809
          ],
          [
            51.20354342749942,
            35.10000067886263
          ],
          [
            51.2036678581695,
            35.15000070125478
          ],
          [
            51.20311892019141,
            35.15000060336872
          ],
          [
            51.20299482489663,
            35.10000058053484
          ],
          [
            51.202446222282646,
            35.10000047972474
          ],
          [
            51.202569982202135,
            35.15000050299575
          ],
          [
            51.202021044201736,
            35.150000400135895
          ],
          [
            51.20189761965756,
            35.10000037643233
          ],
          [
            51.20134901702142,
            35.1000002706576
          ],
          [
            51.20147210619028,
            35.15000029478915
          ],
          [
            51.20092316816783,
            35.150000186955495
          ],
          [
            51.200800414374314,
            35.100000162400555
          ],
          [
            51.20025181171629,
            35.10000005166119
          ],
          [
            51.20037423013447,
            35.15000007663495
          ]
        ]
      }
    },
    {
      "type": "Feature",
      "properties": {
        "drone_id": "drone_01",
        "type": "route"
      },
      "geometry": {
        "type": "LineString",
        "coordinates": [
          [
            51.24962599935954,
            35.10000007654083
          ],
          [
            51.24977860150115,
            35.15000004547771
          ],
          [
            51.24922966470302,
            35.15000015649047
          ],
          [
            51.249077397935274,
            35.100000186727144
          ],
          [
            51.248528796494185,
            35.100000294431155
          ],
          [
            51.248680727888065,
            35.15000026501635
          ],
          [
            51.24813179105633,
            35.15000037105534
          ],
          [
            51.247980195036355,
            35.10000039965286
          ],
          [
            51.24743159356184,
            35.10000050239228
          ],
          [
            51.24758285420789,
            35.15000047460747
          ],
          [
            51.24703391734282,
            35.15000057567268
          ],
          [
            51.246882992070724,
            35.10000060264937
          ],
          [
            51.24633439056306,
            35.10000070042417
          ],
          [
            51.246484980461176,
            35.150000674251025
          ],
          [
            51.245936043563034,
            35.15000077034247
          ],
          [
            51.24578578903891,
            35.100000795716646
          ],
          [
            51.245237187498354,
            35.10000088852683
          ],
          [
            51.24538710664846,
            35.15000086394704
          ],
          [
            51.24483816971752,
            35.150000955064726
          ],
          [
            51.244688585941454,
            35.10000097885471
          ],
          [
            51.244139984368275,
            35.10000106670027
          ],
          [
            51.24428923277028,
            35.15000104369551
          ],
          [
            51.2437402958068,
            35.15000112983942
          ],
          [
            51.24359138277889,
            35.100001152063534
          ],
          [
            51.24304278117335,
            35.10000123494451
          ],
          [
            51.243191358827154,
            35.15000121349643
          ],
          [
            51.24264242183141,
            35.15000129466658
          ],
          [
            51.24249417955175,
            35.10000131534314
          ],
          [
            51.24194557791412,
            35.10000139325948
          ],
          [
            51.24209348481965,
            35.150001373349816
          ],
          [
            51.24154454779191,
            35.15000144954618
          ],
          [
            51.24139697626057,
            35.10000146869351
          ],
          [
            51.24084837459114,
            35.10000154164525
          ],
          [
            51.240995610748286,
            35.15000152325565
          ],
          [
            51.24044667368883,
            35.15000159447825
          ],
          [
            51.2402997729059,
            35.10000161211467
          ],
          [
            51.239751171204915,
            35.100001680101784
          ],
          [
            51.23989773661361,
            35.150001663213935
          ],
          [
            51.23934879952269,
            35.150001729462744
          ],
          [
            51.23920256948826,
            35.10000174560659
          ],
          [
            51.238653967756,
            35.10000180862908
          ],
          [
            51.23879986241615,
            35.15000179322467
          ],
          [
            51.23825092529404,
            35.150001854499706
          ],
          [
            51.2381053660082,
            35.10000186916927
          ],
          [
            51.23755676424493,
            35.10000192722716
          ],
          [
            51.23770198815645,
            35.15000191328785
          ],
          [
            51.237153051003425,
            35.150001969589105
          ],
          [
            51.23700816246625,
            35.10000198280273
          ],
          [
            51.23645956067224,
            35.10000203589599
          ],
          [
            51.23660411383505,
            35.150002023403474
          ],
          [
            51.23605517665138,
            35.150002074730956
          ],
          [
            51.23591095886295,
            35.100002086506954
          ],
          [
            51.23536235703846,
            35.1000021346356
          ],
          [
            51.235506239452484,
            35.15000212357155
          ],
          [
            51.234957302238435,
            35.15000216992525
          ],
          [
            51.23481375519883,
            35.10000218028194
          ],
          [
            51.23426515334413,
            35.10000222344597
          ],
          [
            51.234408365009294,
            35.150002213792064
          ],
          [
            51.23385942776513,
            35.15000225517199
          ],
          [
            51.23371655147444,
            35.100002264127696
          ],
          [
            51.23316794958979,
            35.1000023023271
          ],
          [
            51.233310490506014,
            35.15000229406503
          ],
          [
            51.232761553232,
            35.15000233047117
          ],
          [
            51.232619347690296,
            35.100002338044206
          ],
          [
            51.23207074577599,
            35.100002371279
          ],
          [
            51.23221261594318,
            35.15000236439043
          ],
          [
            51.2316636786396,
            35.150002395822796
          ],
          [
            51.231522143846945,
            35.100002402031485
          ],
          [
            51.23097354190324,
            35.10000243030166
          ],
          [
            51.23111474132134,
            35.15000242476828
          ],
          [
            51.230565803988455,
            35.15000245122687
          ],
          [
            51.23042493994493,
            35.10000245608952
          ],
          [
            51.22987633797209,
            35.100002479395066
          ],
          [
            51.230016866641016,
            35.150002475198555
          ],
          [
            51.2294679292791,
            35.15000249668337
          ],
          [
            51.22932773598478,
            35.10000250021832
          ],
          [
            51.22877913398308,
            35.10000251855925
          ],
          [
            51.228918991902766,
            35.15000251568129
          ],
          [
            51.22837005451208,
            35.15000253219231
          ],
          [
            51.22823053196704,
            35.10000253441787
          ],
          [
            51.227681929936736,
            35.100002547794176
          ],
          [
            51.22782111710711,
            35.15000254621643
          ],
          [
            51.22727217968793,
            35.150002557753695
          ],
          [
            51.22713332789224,
            35.10000255868818
          ],
          [
            51.226584725833604,
            35.100002567099885
          ],
          [
            51.22672324225459,
            35.150002566804034
          ],
          [
            51.22617430480718,
            35.1500025733675
          ],
          [
            51.22603612376091,
            35.10000257302925
          ],
          [
            51.225487521674225,
            35.10000257647633
          ],
          [
            51.225625367345756,
            35.15000257744406
          ],
          [
            51.225076429870384,
            35.150002579033746
          ]
        ]
      }
    },
    {
      "type": "Feature",
      "properties": {
        "drone_id": "drone_02",
        "type": "route"
      },
      "geometry": {
        "type": "LineString",
        "coordinates": [
          [
            51.225076429870384,
            35.150002579033746
          ],
          [
            51.2249389195736,
            35.100002577441074
          ],
          [
            51.22439031745911,
            35.100002575923526
          ],
          [
            51.22452749238113,
            35.15000257813653
          ],
          [
            51.223978554878066,
            35.15000257475243
          ],
          [
            51.223841715330835,
            35.10000257192366
          ],
          [
            51.22329311318883,
            35.10000256544148
          ],
          [
            51.22342961736126,
            35.15000256888144
          ],
          [
            51.22288067983077,
            35.150002560523546
          ],
          [
            51.22274451103316,
            35.10000255647699
          ],
          [
            51.222195908863895,
            35.100002545030186
          ],
          [
            51.22233174228668,
            35.150002549678774
          ],
          [
            51.22178280472904,
            35.1500025363471
          ],
          [
            51.22164730668111,
            35.100002531101076
          ],
          [
            51.22109870448487,
            35.10000251468965
          ],
          [
            51.22123386715793,
            35.15000252052854
          ],
          [
            51.2206849295734,
            35.15000250222309
          ],
          [
            51.22055010227522,
            35.100002495795906
          ],
          [
            51.22000150005225,
            35.10000247441986
          ],
          [
            51.22013599197554,
            35.15000248143073
          ],
          [
            51.2195870543644,
            35.1500024581515
          ],
          [
            51.219452897816026,
            35.1000024505615
          ],
          [
            51.2189042955666,
            35.100002424220826
          ],
          [
            51.21903811674006,
            35.15000243238536
          ],
          [
            51.218489179102576,
            35.15000240413234
          ],
          [
            51.21835569330406,
            35.10000239539785
          ],
          [
            51.21780709102847,
            35.100002364092546
          ],
          [
            51.21794024145202,
            35.15000237339242
          ],
          [
            51.21739130378845,
            35.15000234016559
          ],
          [
            51.21725848873987,
            35.10000233030494
          ],
          [
            51.21670988643836,
            35.100002294035015
          ],
          [
            51.21684236611196,
            35.1500023044519
          ],
          [
            51.21629342842259,
            35.1500022662513
          ],
          [
            51.21616128412399,
            35.100002255282774
          ],
          [
            51.21561268179683,
            35.10000221404822
          ],
          [
            51.21574449072041,
            35.15000222556381
          ],
          [
            51.21519555300551,
            35.150002182389414
          ],
          [
            51.21506407945695,
            35.10000217033135
          ],
          [
            51.21451547710441,
            35.100002124132175
          ],
          [
            51.21464661527793,
            35.15000213672815
          ],
          [
            51.21409767753775,
            35.150002088579974
          ],
          [
            51.213966874739285,
            35.10000207545068
          ],
          [
            51.21341827236164,
            35.10000202428687
          ],
          [
            51.21354873978504,
            35.15000203794491
          ],
          [
            51.21299980201986,
            35.15000198482294
          ],
          [
            51.212869669971546,
            35.10000197064076
          ],
          [
            51.21232106756906,
            35.10000191451231
          ],
          [
            51.21245086424228,
            35.150001929214085
          ],
          [
            51.21190192645237,
            35.15000187111835
          ],
          [
            51.21177246515425,
            35.100001855901574
          ],
          [
            51.211223862727195,
            35.10000179480851
          ],
          [
            51.21135298865019,
            35.150001810535706
          ],
          [
            51.21080405083582,
            35.15000174746618
          ],
          [
            51.21067526028795,
            35.100001731233135
          ],
          [
            51.21012665783659,
            35.100001665175434
          ],
          [
            51.2102551130093,
            35.150001681909735
          ],
          [
            51.20970617517074,
            35.150001613866415
          ],
          [
            51.20957805537318,
            35.100001596635444
          ],
          [
            51.20902945289778,
            35.10000152561313
          ],
          [
            51.20915723732018,
            35.1500015433362
          ],
          [
            51.20860829945768,
            35.150001470319076
          ],
          [
            51.20848085041046,
            35.10000145210849
          ],
          [
            51.207932247911295,
            35.10000137612153
          ],
          [
            51.20805936158332,
            35.150001394815085
          ],
          [
            51.207510423697165,
            35.15000131682416
          ],
          [
            51.20738364540035,
            35.100001297652284
          ],
          [
            51.206835042877685,
            35.10000121670072
          ],
          [
            51.20696148579928,
            35.15000123634637
          ],
          [
            51.20641254788975,
            35.15000115338168
          ],
          [
            51.20628644034337,
            35.10000113326682
          ],
          [
            51.20573783779748,
            35.1000010473506
          ],
          [
            51.20586360996862,
            35.15000106793009
          ],
          [
            51.20531467203596,
            35.15000097999161
          ],
          [
            51.20518923524007,
            35.10000095895207
          ],
          [
            51.204640632671214,
            35.10000086807125
          ],
          [
            51.20476573409184,
            35.15000088956623
          ],
          [
            51.204216796136336,
            35.150000796653956
          ],
          [
            51.204092030090976,
            35.10000077470809
          ],
          [
            51.20354342749942,
            35.10000067886263
          ],
          [
            51.2036678581695,
            35.15000070125478
          ],
          [
            51.20311892019141,
            35.15000060336872
          ],
          [
            51.20299482489663,
            35.10000058053484
          ],
          [
            51.202446222282646,
            35.10000047972474
          ],
          [
            51.202569982202135,
            35.15000050299575
          ],
          [
            51.202021044201736,
            35.150000400135895
          ],
          [
            51.20189761965756,
            35.10000037643233
          ],
          [
            51.20134901702142,
            35.1000002706576
          ],
          [
            51.20147210619028,
            35.15000029478915
          ],
          [
            51.20092316816783,
            35.150000186955495
          ],
          [
            51.200800414374314,
            35.100000162400555
          ],
          [
            51.20025181171629,
            35.10000005166119
          ],
          [
            51.20037423013447,
            35.15000007663495
          ]
        ]
      }
    },
    {
      "type": "Feature",
      "properties": {
        "drone_id": "drone_01",
        "type": "route"
      },
      "geometry": {
        "type": "LineString",
        "coordinates": [
          [
            51.24962599935954,
            35.10000007654083
          ],
          [
            51.24977860150115,
            35.15000004547771
          ],
          [
            51.24922966470302,
            35.15000015649047
          ],
          [
            51.249077397935274,
            35.100000186727144
          ],
          [
            51.248528796494185,
            35.100000294431155
          ],
          [
            51.248680727888065,
            35.15000026501635
          ],
          [
            51.24813179105633,
            35.15000037105534
          ],
          [
            51.247980195036355,
            35.10000039965286
          ],
          [
            51.24743159356184,
            35.10000050239228
          ],
          [
            51.24758285420789,
            35.15000047460747
          ],
          [
            51.24703391734282,
            35.15000057567268
          ],
          [
            51.246882992070724,
            35.10000060264937
          ],
          [
            51.24633439056306,
            35.10000070042417
          ],
          [
            51.246484980461176,
            35.150000674251025
          ],
          [
            51.245936043563034,
            35.15000077034247
          ],
          [
            51.24578578903891,
            35.100000795716646
          ],
          [
            51.245237187498354,
            35.10000088852683
          ],
          [
            51.24538710664846,
            35.15000086394704
          ],
          [
            51.24483816971752,
            35.150000955064726
          ],
          [
            51.244688585941454,
            35.10000097885471
          ],
          [
            51.244139984368275,
            35.10000106670027
          ],
          [
            51.24428923277028,
            35.15000104369551
          ],
          [
            51.2437402958068,
            35.15000112983942
          ],
          [
            51.24359138277889,
            35.100001152063534
          ],
          [
            51.24304278117335,
            35.10000123494451
          ],
          [
            51.243191358827154,
            35.15000121349643
          ],
          [
            51.24264242183141,
            35.15000129466658
          ],
          [
            51.24249417955175,
            35.10000131534314
          ],
          [
            51.24194557791412,
            35.10000139325948
          ],
          [
            51.24209348481965,
            35.150001373349816
          ],
          [
            51.24154454779191,
            35.15000144954618
          ],
          [
            51.24139697626057,
            35.10000146869351
          ],
          [
            51.24084837459114,
            35.10000154164525
          ],
          [
            51.240995610748286,
            35.15000152325565
          ],
          [
            51.24044667368883,
            35.15000159447825
          ],
          [
            51.2402997729059,
            35.10000161211467
          ],
          [
            51.239751171204915,
            35.100001680101784
          ],
          [
            51.23989773661361,
            35.150001663213935
          ],
          [
            51.23934879952269,
            35.150001729462744
          ],
          [
            51.23920256948826,
            35.10000174560659
          ],
          [
            51.238653967756,
            35.10000180862908
          ],
          [
            51.23879986241615,
            35.15000179322467
          ],
          [
            51.23825092529404,
            35.150001854499706
          ],
          [
            51.2381053660082,
            35.10000186916927
          ],
          [
            51.23755676424493,
            35.10000192722716
          ],
          [
            51.23770198815645,
            35.15000191328785
          ],
          [
            51.237153051003425,
            35.150001969589105
          ],
          [
            51.23700816246625,
            35.10000198280273
          ],
          [
            51.23645956067224,
            35.10000203589599
          ],
          [
            51.23660411383505,
            35.150002023403474
          ],
          [
            51.23605517665138,
            35.150002074730956
          ],
          [
            51.23591095886295,
            35.100002086506954
          ],
          [
            51.23536235703846,
            35.1000021346356
          ],
          [
            51.235506239452484,
            35.15000212357155
          ],
          [
            51.234957302238435,
            35.15000216992525
          ],
          [
            51.23481375519883,
            35.10000218028194
          ],
          [
            51.23426515334413,
            35.10000222344597
          ],
          [
            51.234408365009294,
            35.150002213792064
          ],
          [
            51.23385942776513,
            35.15000225517199
          ],
          [
            51.23371655147444,
            35.100002264127696
          ],
          [
            51.23316794958979,
            35.1000023023271
          ],
          [
            51.233310490506014,
            35.15000229406503
          ],
          [
            51.232761553232,
            35.15000233047117
          ],
          [
            51.232619347690296,
            35.100002338044206
          ],
          [
            51.23207074577599,
            35.100002371279
          ],
          [
            51.23221261594318,
            35.15000236439043
          ],
          [
            51.2316636786396,
            35.150002395822796
          ],
          [
            51.231522143846945,
            35.100002402031485
          ],
          [
            51.23097354190324,
            35.10000243030166
          ],
          [
            51.23111474132134,
            35.15000242476828
          ],
          [
            51.230565803988455,
            35.15000245122687
          ],
          [
            51.23042493994493,
            35.10000245608952
          ],
          [
            51.22987633797209,
            35.100002479395066
          ],
          [
            51.230016866641016,
            35.150002475198555
          ],
          [
            51.2294679292791,
            35.15000249668337
          ],
          [
            51.22932773598478,
            35.10000250021832
          ],
          [
            51.22877913398308,
            35.10000251855925
          ],
          [
            51.228918991902766,
            35.15000251568129
          ],
          [
            51.22837005451208,
            35.15000253219231
          ],
          [
            51.22823053196704,
            35.10000253441787
          ],
          [
            51.227681929936736,
            35.100002547794176
          ],
          [
            51.22782111710711,
            35.15000254621643
          ],
          [
            51.22727217968793,
            35.150002557753695
          ],
          [
            51.22713332789224,
            35.10000255868818
          ],
          [
            51.226584725833604,
            35.100002567099885
          ],
          [
            51.22672324225459,
            35.150002566804034
          ],
          [
            51.22617430480718,
            35.1500025733675
          ],
          [
            51.22603612376091,
            35.10000257302925
          ],
          [
            51.225487521674225,
            35.10000257647633
          ],
          [
            51.225625367345756,
            35.15000257744406
          ],
          [
            51.225076429870384,
            35.150002579033746
          ]
        ]
      }
    },
    {
      "type": "Feature",
      "properties": {
        "drone_id": "drone_02",
        "type": "route"
      },
      "geometry": {
        "type": "LineString",
        "coordinates": [
          [
            51.225076429870384,
            35.150002579033746
          ],
          [
            51.2249389195736,
            35.100002577441074
          ],
          [
            51.22439031745911,
            35.100002575923526
          ],
          [
            51.22452749238113,
            35.15000257813653
          ],
          [
            51.223978554878066,
            35.15000257475243
          ],
          [
            51.223841715330835,
            35.10000257192366
          ],
          [
            51.22329311318883,
            35.10000256544148
          ],
          [
            51.22342961736126,
            35.15000256888144
          ],
          [
            51.22288067983077,
            35.150002560523546
          ],
          [
            51.22274451103316,
            35.10000255647699
          ],
          [
            51.222195908863895,
            35.100002545030186
          ],
          [
            51.22233174228668,
            35.150002549678774
          ],
          [
            51.22178280472904,
            35.1500025363471
          ],
          [
            51.22164730668111,
            35.100002531101076
          ],
          [
            51.22109870448487,
            35.10000251468965
          ],
          [
            51.22123386715793,
            35.15000252052854
          ],
          [
            51.2206849295734,
            35.15000250222309
          ],
          [
            51.22055010227522,
            35.100002495795906
          ],
          [
            51.22000150005225,
            35.10000247441986
          ],
          [
            51.22013599197554,
            35.15000248143073
          ],
          [
            51.2195870543644,
            35.1500024581515
          ],
          [
            51.219452897816026,
            35.1000024505615
          ],
          [
            51.2189042955666,
            35.100002424220826
          ],
          [
            51.21903811674006,
            35.15000243238536
          ],
          [
            51.218489179102576,
            35.15000240413234
          ],
          [
            51.21835569330406,
            35.10000239539785
          ],
          [
            51.21780709102847,
            35.100002364092546
          ],
          [
            51.21794024145202,
            35.15000237339242
          ],
          [
            51.21739130378845,
            35.15000234016559
          ],
          [
            51.21725848873987,
            35.10000233030494
          ],
          [
            51.21670988643836,
            35.100002294035015
          ],
          [
            51.21684236611196,
            35.1500023044519
          ],
          [
            51.21629342842259,
            35.1500022662513
          ],
          [
            51.21616128412399,
            35.100002255282774
          ],
          [
            51.21561268179683,
            35.10000221404822
          ],
          [
            51.21574449072041,
            35.15000222556381
          ],
          [
            51.21519555300551,
            35.150002182389414
          ],
          [
            51.21506407945695,
            35.10000217033135
          ],
          [
            51.21451547710441,
            35.100002124132175
          ],
          [
            51.21464661527793,
            35.15000213672815
          ],
          [
            51.21409767753775,
            35.150002088579974
          ],
          [
            51.213966874739285,
            35.10000207545068
          ],
          [
            51.21341827236164,
            35.10000202428687
          ],
          [
            51.21354873978504,
            35.15000203794491
          ],
          [
            51.21299980201986,
            35.15000198482294
          ],
          [
            51.212869669971546,
            35.10000197064076
          ],
          [
            51.21232106756906,
            35.10000191451231
          ],
          [
            51.21245086424228,
            35.150001929214085
          ],
          [
            51.21190192645237,
            35.15000187111835
          ],
          [
            51.21177246515425,
            35.100001855901574
          ],
          [
            51.211223862727195,
            35.10000179480851
          ],
          [
            51.21135298865019,
            35.150001810535706
          ],
          [
            51.21080405083582,
            35.15000174746618
          ],
          [
            51.21067526028795,
            35.100001731233135
          ],
          [
            51.21012665783659,
            35.100001665175434
          ],
          [
            51.2102551130093,
            35.150001681909735
          ],
          [
            51.20970617517074,
            35.150001613866415
          ],
          [
            51.20957805537318,
            35.100001596635444
          ],
          [
            51.20902945289778,
            35.10000152561313
          ],
          [
            51.20915723732018,
            35.1500015433362
          ],
          [
            51.20860829945768,
            35.150001470319076
          ],
          [
            51.20848085041046,
            35.10000145210849
          ],
          [
            51.207932247911295,
            35.10000137612153
          ],
          [
            51.20805936158332,
            35.150001394815085
          ],
          [
            51.207510423697165,
            35.15000131682416
          ],
          [
            51.20738364540035,
            35.100001297652284
          ],
          [
            51.206835042877685,
            35.10000121670072
          ],
          [
            51.20696148579928,
            35.15000123634637
          ],
          [
            51.20641254788975,
            35.15000115338168
          ],
          [
            51.20628644034337,
            35.10000113326682
          ],
          [
            51.20573783779748,
            35.1000010473506
          ],
          [
            51.20586360996862,
            35.15000106793009
          ],
          [
            51.20531467203596,
            35.15000097999161
          ],
          [
            51.20518923524007,
            35.10000095895207
          ],
          [
            51.204640632671214,
            35.10000086807125
          ],
          [
            51.20476573409184,
            35.15000088956623
          ],
          [
            51.204216796136336,
            35.150000796653956
          ],
          [
            51.204092030090976,
            35.10000077470809
          ],
          [
            51.20354342749942,
            35.10000067886263
          ],
          [
            51.2036678581695,
            35.15000070125478
          ],
          [
            51.20311892019141,
            35.15000060336872
          ],
          [
            51.20299482489663,
            35.10000058053484
          ],
          [
            51.202446222282646,
            35.10000047972474
          ],
          [
            51.202569982202135,
            35.15000050299575
          ],
          [
            51.202021044201736,
            35.150000400135895
          ],
          [
            51.20189761965756,
            35.10000037643233
          ],
          [
            51.20134901702142,
            35.1000002706576
          ],
          [
            51.20147210619028,
            35.15000029478915
          ],
          [
            51.20092316816783,
            35.150000186955495
          ],
          [
            51.200800414374314,
            35.100000162400555
          ],
          [
            51.20025181171629,
            35.10000005166119
          ],
          [
            51.20037423013447,
            35.15000007663495
          ]
        ]
      }
    },
    {
      "type": "Feature",
      "properties": {
        "drone_id": "drone_01",
        "type": "route"
      },
      "geometry": {
        "type": "LineString",
        "coordinates": [
          [
            51.24962599935954,
            35.10000007654083
          ],
          [
            51.24977860150115,
            35.15000004547771
          ],
          [
            51.24922966470302,
            35.15000015649047
          ],
          [
            51.249077397935274,
            35.100000186727144
          ],
          [
            51.248528796494185,
            35.100000294431155
          ],
          [
            51.248680727888065,
            35.15000026501635
          ],
          [
            51.24813179105633,
            35.15000037105534
          ],
          [
            51.247980195036355,
            35.10000039965286
          ],
          [
            51.24743159356184,
            35.10000050239228
          ],
          [
            51.24758285420789,
            35.15000047460747
          ],
          [
            51.24703391734282,
            35.15000057567268
          ],
          [
            51.246882992070724,
            35.10000060264937
          ],
          [
            51.24633439056306,
            35.10000070042417
          ],
          [
            51.246484980461176,
            35.150000674251025
          ],
          [
            51.245936043563034,
            35.15000077034247
          ],
          [
            51.24578578903891,
            35.100000795716646
          ],
          [
            51.245237187498354,
            35.10000088852683
          ],
          [
            51.24538710664846,
            35.15000086394704
          ],
          [
            51.24483816971752,
            35.150000955064726
          ],
          [
            51.244688585941454,
            35.10000097885471
          ],
          [
            51.244139984368275,
            35.10000106670027
          ],
          [
            51.24428923277028,
            35.15000104369551
          ],
          [
            51.2437402958068,
            35.15000112983942
          ],
          [
            51.24359138277889,
            35.100001152063534
          ],
          [
            51.24304278117335,
            35.10000123494451
          ],
          [
            51.243191358827154,
            35.15000121349643
          ],
          [
            51.24264242183141,
            35.15000129466658
          ],
          [
            51.24249417955175,
            35.10000131534314
          ],
          [
            51.24194557791412,
            35.10000139325948
          ],
          [
            51.24209348481965,
            35.150001373349816
          ],
          [
            51.24154454779191,
            35.15000144954618
          ],
          [
            51.24139697626057,
            35.10000146869351
          ],
          [
            51.24084837459114,
            35.10000154164525
          ],
          [
            51.240995610748286,
            35.15000152325565
          ],
          [
            51.24044667368883,
            35.15000159447825
          ],
          [
            51.2402997729059,
            35.10000161211467
          ],
          [
            51.239751171204915,
            35.100001680101784
          ],
          [
            51.23989773661361,
            35.150001663213935
          ],
          [
            51.23934879952269,
            35.150001729462744
          ],
          [
            51.23920256948826,
            35.10000174560659
          ],
          [
            51.238653967756,
            35.10000180862908
          ],
          [
            51.23879986241615,
            35.15000179322467
          ],
          [
            51.23825092529404,
            35.150001854499706
          ],
          [
            51.2381053660082,
            35.10000186916927
          ],
          [
            51.23755676424493,
            35.10000192722716
          ],
          [
            51.23770198815645,
            35.15000191328785
          ],
          [
            51.237153051003425,
            35.150001969589105
          ],
          [
            51.23700816246625,
            35.10000198280273
          ],
          [
            51.23645956067224,
            35.10000203589599
          ],
          [
            51.23660411383505,
            35.150002023403474
          ],
          [
            51.23605517665138,
            35.150002074730956
          ],
          [
            51.23591095886295,
            35.100002086506954
          ],
          [
            51.23536235703846,
            35.1000021346356
          ],
          [
            51.235506239452484,
            35.15000212357155
          ],
          [
            51.234957302238435,
            35.15000216992525
          ],
          [
            51.23481375519883,
            35.10000218028194
          ],
          [
            51.23426515334413,
            35.10000222344597
          ],
          [
            51.234408365009294,
            35.150002213792064
          ],
          [
            51.23385942776513,
            35.15000225517199
          ],
          [
            51.23371655147444,
            35.100002264127696
          ],
          [
            51.23316794958979,
            35.1000023023271
          ],
          [
            51.233310490506014,
            35.15000229406503
          ],
          [
            51.232761553232,
            35.15000233047117
          ],
          [
            51.232619347690296,
            35.100002338044206
          ],
          [
            51.23207074577599,
            35.100002371279
          ],
          [
            51.23221261594318,
            35.15000236439043
          ],
          [
            51.2316636786396,
            35.150002395822796
          ],
          [
            51.231522143846945,
            35.100002402031485
          ],
          [
            51.23097354190324,
            35.10000243030166
          ],
          [
            51.23111474132134,
            35.15000242476828
          ],
          [
            51.230565803988455,
            35.15000245122687
          ],
          [
            51.23042493994493,
            35.10000245608952
          ],
          [
            51.22987633797209,
            35.100002479395066
          ],
          [
            51.230016866641016,
            35.150002475198555
          ],
          [
            51.2294679292791,
            35.15000249668337
          ],
          [
            51.22932773598478,
            35.10000250021832
          ],
          [
            51.22877913398308,
            35.10000251855925
          ],
          [
            51.228918991902766,
            35.15000251568129
          ],
          [
            51.22837005451208,
            35.15000253219231
          ],
          [
            51.22823053196704,
            35.10000253441787
          ],
          [
            51.227681929936736,
            35.100002547794176
          ],
          [
            51.22782111710711,
            35.15000254621643
          ],
          [
            51.22727217968793,
            35.150002557753695
          ],
          [
            51.22713332789224,
            35.10000255868818
          ],
          [
            51.226584725833604,
            35.100002567099885
          ],
          [
            51.22672324225459,
            35.150002566804034
          ],
          [
            51.22617430480718,
            35.1500025733675
          ],
          [
            51.22603612376091,
            35.10000257302925
          ],
          [
            51.225487521674225,
            35.10000257647633
          ],
          [
            51.225625367345756,
            35.15000257744406
          ],
          [
            51.225076429870384,
            35.150002579033746
          ]
        ]
      }
    },
    {
      "type": "Feature",
      "properties": {
        "drone_id": "drone_02",
        "type": "route"
      },
      "geometry": {
        "type": "LineString",
        "coordinates": [
          [
            51.225076429870384,
            35.150002579033746
          ],
          [
            51.2249389195736,
            35.100002577441074
          ],
          [
            51.22439031745911,
            35.100002575923526
          ],
          [
            51.22452749238113,
            35.15000257813653
          ],
          [
            51.223978554878066,
            35.15000257475243
          ],
          [
            51.223841715330835,
            35.10000257192366
          ],
          [
            51.22329311318883,
            35.10000256544148
          ],
          [
            51.22342961736126,
            35.15000256888144
          ],
          [
            51.22288067983077,
            35.150002560523546
          ],
          [
            51.22274451103316,
            35.10000255647699
          ],
          [
            51.222195908863895,
            35.100002545030186
          ],
          [
            51.22233174228668,
            35.150002549678774
          ],
          [
            51.22178280472904,
            35.1500025363471
          ],
          [
            51.22164730668111,
            35.100002531101076
          ],
          [
            51.22109870448487,
            35.10000251468965
          ],
          [
            51.22123386715793,
            35.15000252052854
          ],
          [
            51.2206849295734,
            35.15000250222309
          ],
          [
            51.22055010227522,
            35.100002495795906
          ],
          [
            51.22000150005225,
            35.10000247441986
          ],
          [
            51.22013599197554,
            35.15000248143073
          ],
          [
            51.2195870543644,
            35.1500024581515
          ],
          [
            51.219452897816026,
            35.1000024505615
          ],
          [
            51.2189042955666,
            35.100002424220826
          ],
          [
            51.21903811674006,
            35.15000243238536
          ],
          [
            51.218489179102576,
            35.15000240413234
          ],
          [
            51.21835569330406,
            35.10000239539785
          ],
          [
            51.21780709102847,
            35.100002364092546
          ],
          [
            51.21794024145202,
            35.15000237339242
          ],
          [
            51.21739130378845,
            35.15000234016559
          ],
          [
            51.21725848873987,
            35.10000233030494
          ],
          [
            51.21670988643836,
            35.100002294035015
          ],
          [
            51.21684236611196,
            35.1500023044519
          ],
          [
            51.21629342842259,
            35.1500022662513
          ],
          [
            51.21616128412399,
            35.100002255282774
          ],
          [
            51.21561268179683,
            35.10000221404822
          ],
          [
            51.21574449072041,
            35.15000222556381
          ],
          [
            51.21519555300551,
            35.150002182389414
          ],
          [
            51.21506407945695,
            35.10000217033135
          ],
          [
            51.21451547710441,
            35.100002124132175
          ],
          [
            51.21464661527793,
            35.15000213672815
          ],
          [
            51.21409767753775,
            35.150002088579974
          ],
          [
            51.213966874739285,
            35.10000207545068
          ],
          [
            51.21341827236164,
            35.10000202428687
          ],
          [
            51.21354873978504,
            35.15000203794491
          ],
          [
            51.21299980201986,
            35.15000198482294
          ],
          [
            51.212869669971546,
            35.10000197064076
          ],
          [
            51.21232106756906,
            35.10000191451231
          ],
          [
            51.21245086424228,
            35.150001929214085
          ],
          [
            51.21190192645237,
            35.15000187111835
          ],
          [
            51.21177246515425,
            35.100001855901574
          ],
          [
            51.211223862727195,
            35.10000179480851
          ],
          [
            51.21135298865019,
            35.150001810535706
          ],
          [
            51.21080405083582,
            35.15000174746618
          ],
          [
            51.21067526028795,
            35.100001731233135
          ],
          [
            51.21012665783659,
            35.100001665175434
          ],
          [
            51.2102551130093,
            35.150001681909735
          ],
          [
            51.20970617517074,
            35.150001613866415
          ],
          [
            51.20957805537318,
            35.100001596635444
          ],
          [
            51.20902945289778,
            35.10000152561313
          ],
          [
            51.20915723732018,
            35.1500015433362
          ],
          [
            51.20860829945768,
            35.150001470319076
          ],
          [
            51.20848085041046,
            35.10000145210849
          ],
          [
            51.207932247911295,
            35.10000137612153
          ],
          [
            51.20805936158332,
            35.150001394815085
          ],
          [
            51.207510423697165,
            35.15000131682416
          ],
          [
            51.20738364540035,
            35.100001297652284
          ],
          [
            51.206835042877685,
            35.10000121670072
          ],
          [
            51.20696148579928,
            35.15000123634637
          ],
          [
            51.20641254788975,
            35.15000115338168
          ],
          [
            51.20628644034337,
            35.10000113326682
          ],
          [
            51.20573783779748,
            35.1000010473506
          ],
          [
            51.20586360996862,
            35.15000106793009
          ],
          [
            51.20531467203596,
            35.15000097999161
          ],
          [
            51.20518923524007,
            35.10000095895207
          ],
          [
            51.204640632671214,
            35.10000086807125
          ],
          [
            51.20476573409184,
            35.15000088956623
          ],
          [
            51.204216796136336,
            35.150000796653956
          ],
          [
            51.204092030090976,
            35.10000077470809
          ],
          [
            51.20354342749942,
            35.10000067886263
          ],
          [
            51.2036678581695,
            35.15000070125478
          ],
          [
            51.20311892019141,
            35.15000060336872
          ],
          [
            51.20299482489663,
            35.10000058053484
          ],
          [
            51.202446222282646,
            35.10000047972474
          ],
          [
            51.202569982202135,
            35.15000050299575
          ],
          [
            51.202021044201736,
            35.150000400135895
          ],
          [
            51.20189761965756,
            35.10000037643233
          ],
          [
            51.20134901702142,
            35.1000002706576
          ],
          [
            51.20147210619028,
            35.15000029478915
          ],
          [
            51.20092316816783,
            35.150000186955495
          ],
          [
            51.200800414374314,
            35.100000162400555
          ],
          [
            51.20025181171629,
            35.10000005166119
          ],
          [
            51.20037423013447,
            35.15000007663495
          ]
        ]
      }
    },
    {
      "type": "Feature",
      "properties": {
        "drone_id": "drone_01",
        "type": "route"
      },
      "geometry": {
        "type": "LineString",
        "coordinates": [
          [
            51.24962599935954,
            35.10000007654083
          ],
          [
            51.24977860150115,
            35.15000004547771
          ],
          [
            51.24922966470302,
            35.15000015649047
          ],
          [
            51.249077397935274,
            35.100000186727144
          ],
          [
            51.248528796494185,
            35.100000294431155
          ],
          [
            51.248680727888065,
            35.15000026501635
          ],
          [
            51.24813179105633,
            35.15000037105534
          ],
          [
            51.247980195036355,
            35.10000039965286
          ],
          [
            51.24743159356184,
            35.10000050239228
          ],
          [
            51.24758285420789,
            35.15000047460747
          ],
          [
            51.24703391734282,
            35.15000057567268
          ],
          [
            51.246882992070724,
            35.10000060264937
          ],
          [
            51.24633439056306,
            35.10000070042417
          ],
          [
            51.246484980461176,
            35.150000674251025
          ],
          [
            51.245936043563034,
            35.15000077034247
          ],
          [
            51.24578578903891,
            35.100000795716646
          ],
          [
            51.245237187498354,
            35.10000088852683
          ],
          [
            51.24538710664846,
            35.15000086394704
          ],
          [
            51.24483816971752,
            35.150000955064726
          ],
          [
            51.244688585941454,
            35.10000097885471
          ],
          [
            51.244139984368275,
            35.10000106670027
          ],
          [
            51.24428923277028,
            35.15000104369551
          ],
          [
            51.2437402958068,
            35.15000112983942
          ],
          [
            51.24359138277889,
            35.100001152063534
          ],
          [
            51.24304278117335,
            35.10000123494451
          ],
          [
            51.243191358827154,
            35.15000121349643
          ],
          [
            51.24264242183141,
            35.15000129466658
          ],
          [
            51.24249417955175,
            35.10000131534314
          ],
          [
            51.24194557791412,
            35.10000139325948
          ],
          [
            51.24209348481965,
            35.150001373349816
          ],
          [
            51.24154454779191,
            35.15000144954618
          ],
          [
            51.24139697626057,
            35.10000146869351
          ],
          [
            51.24084837459114,
            35.10000154164525
          ],
          [
            51.240995610748286,
            35.15000152325565
          ],
          [
            51.24044667368883,
            35.15000159447825
          ],
          [
            51.2402997729059,
            35.10000161211467
          ],
          [
            51.239751171204915,
            35.100001680101784
          ],
          [
            51.23989773661361,
            35.150001663213935
          ],
          [
            51.23934879952269,
            35.150001729462744
          ],
          [
            51.23920256948826,
            35.10000174560659
          ],
          [
            51.238653967756,
            35.10000180862908
          ],
          [
            51.23879986241615,
            35.15000179322467
          ],
          [
            51.23825092529404,
            35.150001854499706
          ],
          [
            51.2381053660082,
            35.10000186916927
          ],
          [
            51.23755676424493,
            35.10000192722716
          ],
          [
            51.23770198815645,
            35.15000191328785
          ],
          [
            51.237153051003425,
            35.150001969589105
          ],
          [
            51.23700816246625,
            35.10000198280273
          ],
          [
            51.23645956067224,
            35.10000203589599
          ],
          [
            51.23660411383505,
            35.150002023403474
          ],
          [
            51.23605517665138,
            35.150002074730956
          ],
          [
            51.23591095886295,
            35.100002086506954
          ],
          [
            51.23536235703846,
            35.1000021346356
          ],
          [
            51.235506239452484,
            35.15000212357155
          ],
          [
            51.234957302238435,
            35.15000216992525
          ],
          [
            51.23481375519883,
            35.10000218028194
          ],
          [
            51.23426515334413,
            35.10000222344597
          ],
          [
            51.234408365009294,
            35.150002213792064
          ],
          [
            51.23385942776513,
            35.15000225517199
          ],
          [
            51.23371655147444,
            35.100002264127696
          ],
          [
            51.23316794958979,
            35.1000023023271
          ],
          [
            51.233310490506014,
            35.15000229406503
          ],
          [
            51.232761553232,
            35.15000233047117
          ],
          [
            51.232619347690296,
            35.100002338044206
          ],
          [
            51.23207074577599,
            35.100002371279
          ],
          [
            51.23221261594318,
            35.15000236439043
          ],
          [
            51.2316636786396,
            35.150002395822796
          ],
          [
            51.231522143846945,
            35.100002402031485
          ],
          [
            51.23097354190324,
            35.10000243030166
          ],
          [
            51.23111474132134,
            35.15000242476828
          ],
          [
            51.230565803988455,
            35.15000245122687
          ],
          [
            51.23042493994493,
            35.10000245608952
          ],
          [
            51.22987633797209,
            35.100002479395066
          ],
          [
            51.230016866641016,
            35.150002475198555
          ],
          [
            51.2294679292791,
            35.15000249668337
          ],
          [
            51.22932773598478,
            35.10000250021832
          ],
          [
            51.22877913398308,
            35.10000251855925
          ],
          [
            51.228918991902766,
            35.15000251568129
          ],
          [
            51.22837005451208,
            35.15000253219231
          ],
          [
            51.22823053196704,
            35.10000253441787
          ],
          [
            51.227681929936736,
            35.100002547794176
          ],
          [
            51.22782111710711,
            35.15000254621643
          ],
          [
            51.22727217968793,
            35.150002557753695
          ],
          [
            51.22713332789224,
            35.10000255868818
          ],
          [
            51.226584725833604,
            35.100002567099885
          ],
          [
            51.22672324225459,
            35.150002566804034
          ],
          [
            51.22617430480718,
            35.1500025733675
          ],
          [
            51.22603612376091,
            35.10000257302925
          ],
          [
            51.225487521674225,
            35.10000257647633
          ],
          [
            51.225625367345756,
            35.15000257744406
          ],
          [
            51.225076429870384,
            35.150002579033746
          ]
        ]
      }
    },
    {
      "type": "Feature",
      "properties": {
        "drone_id": "drone_02",
        "type": "route"
      },
      "geometry": {
        "type": "LineString",
        "coordinates": [
          [
            51.225076429870384,
            35.150002579033746
          ],
          [
            51.2249389195736,
            35.100002577441074
          ],
          [
            51.22439031745911,
            35.100002575923526
          ],
          [
            51.22452749238113,
            35.15000257813653
          ],
          [
            51.223978554878066,
            35.15000257475243
          ],
          [
            51.223841715330835,
            35.10000257192366
          ],
          [
            51.22329311318883,
            35.10000256544148
          ],
          [
            51.22342961736126,
            35.15000256888144
          ],
          [
            51.22288067983077,
            35.150002560523546
          ],
          [
            51.22274451103316,
            35.10000255647699
          ],
          [
            51.222195908863895,
            35.100002545030186
          ],
          [
            51.22233174228668,
            35.150002549678774
          ],
          [
            51.22178280472904,
            35.1500025363471
          ],
          [
            51.22164730668111,
            35.100002531101076
          ],
          [
            51.22109870448487,
            35.10000251468965
          ],
          [
            51.22123386715793,
            35.15000252052854
          ],
          [
            51.2206849295734,
            35.15000250222309
          ],
          [
            51.22055010227522,
            35.100002495795906
          ],
          [
            51.22000150005225,
            35.10000247441986
          ],
          [
            51.22013599197554,
            35.15000248143073
          ],
          [
            51.2195870543644,
            35.1500024581515
          ],
          [
            51.219452897816026,
            35.1000024505615
          ],
          [
            51.2189042955666,
            35.100002424220826
          ],
          [
            51.21903811674006,
            35.15000243238536
          ],
          [
            51.218489179102576,
            35.15000240413234
          ],
          [
            51.21835569330406,
            35.10000239539785
          ],
          [
            51.21780709102847,
            35.100002364092546
          ],
          [
            51.21794024145202,
            35.15000237339242
          ],
          [
            51.21739130378845,
            35.15000234016559
          ],
          [
            51.21725848873987,
            35.10000233030494
          ],
          [
            51.21670988643836,
            35.100002294035015
          ],
          [
            51.21684236611196,
            35.1500023044519
          ],
          [
            51.21629342842259,
            35.1500022662513
          ],
          [
            51.21616128412399,
            35.100002255282774
          ],
          [
            51.21561268179683,
            35.10000221404822
          ],
          [
            51.21574449072041,
            35.15000222556381
          ],
          [
            51.21519555300551,
            35.150002182389414
          ],
          [
            51.21506407945695,
            35.10000217033135
          ],
          [
            51.21451547710441,
            35.100002124132175
          ],
          [
            51.21464661527793,
            35.15000213672815
          ],
          [
            51.21409767753775,
            35.150002088579974
          ],
          [
            51.213966874739285,
            35.10000207545068
          ],
          [
            51.21341827236164,
            35.10000202428687
          ],
          [
            51.21354873978504,
            35.15000203794491
          ],
          [
            51.21299980201986,
            35.15000198482294
          ],
          [
            51.212869669971546,
            35.10000197064076
          ],
          [
            51.21232106756906,
            35.10000191451231
          ],
          [
            51.21245086424228,
            35.150001929214085
          ],
          [
            51.21190192645237,
            35.15000187111835
          ],
          [
            51.21177246515425,
            35.100001855901574
          ],
          [
            51.211223862727195,
            35.10000179480851
          ],
          [
            51.21135298865019,
            35.150001810535706
          ],
          [
            51.21080405083582,
            35.15000174746618
          ],
          [
            51.21067526028795,
            35.100001731233135
          ],
          [
            51.21012665783659,
            35.100001665175434
          ],
          [
            51.2102551130093,
            35.150001681909735
          ],
          [
            51.20970617517074,
            35.150001613866415
          ],
          [
            51.20957805537318,
            35.100001596635444
          ],
          [
            51.20902945289778,
            35.10000152561313
          ],
          [
            51.20915723732018,
            35.1500015433362
          ],
          [
            51.20860829945768,
            35.150001470319076
          ],
          [
            51.20848085041046,
            35.10000145210849
          ],
          [
            51.207932247911295,
            35.10000137612153
          ],
          [
            51.20805936158332,
            35.150001394815085
          ],
          [
            51.207510423697165,
            35.15000131682416
          ],
          [
            51.20738364540035,
            35.100001297652284
          ],
          [
            51.206835042877685,
            35.10000121670072
          ],
          [
            51.20696148579928,
            35.15000123634637
          ],
          [
            51.20641254788975,
            35.15000115338168
          ],
          [
            51.20628644034337,
            35.10000113326682
          ],
          [
            51.20573783779748,
            35.1000010473506
          ],
          [
            51.20586360996862,
            35.15000106793009
          ],
          [
            51.20531467203596,
            35.15000097999161
          ],
          [
            51.20518923524007,
            35.10000095895207
          ],
          [
            51.204640632671214,
            35.10000086807125
          ],
          [
            51.20476573409184,
            35.15000088956623
          ],
          [
            51.204216796136336,
            35.150000796653956
          ],
          [
            51.204092030090976,
            35.10000077470809
          ],
          [
            51.20354342749942,
            35.10000067886263
          ],
          [
            51.2036678581695,
            35.15000070125478
          ],
          [
            51.20311892019141,
            35.15000060336872
          ],
          [
            51.20299482489663,
            35.10000058053484
          ],
          [
            51.202446222282646,
            35.10000047972474
          ],
          [
            51.202569982202135,
            35.15000050299575
          ],
          [
            51.202021044201736,
            35.150000400135895
          ],
          [
            51.20189761965756,
            35.10000037643233
          ],
          [
            51.20134901702142,
            35.1000002706576
          ],
          [
            51.20147210619028,
            35.15000029478915
          ],
          [
            51.20092316816783,
            35.150000186955495
          ],
          [
            51.200800414374314,
            35.100000162400555
          ],
          [
            51.20025181171629,
            35.10000005166119
          ],
          [
            51.20037423013447,
            35.15000007663495
          ]
        ]
      }
    },
    {
      "type": "Feature",
      "properties": {
        "drone_id": "drone_01",
        "type": "route"
      },
      "geometry": {
        "type": "LineString",
        "coordinates": [
          [
            51.24962599935954,
            35.10000007654083
          ],
          [
            51.24977860150115,
            35.15000004547771
          ],
          [
            51.24922966470302,
            35.15000015649047
          ],
          [
            51.249077397935274,
            35.100000186727144
          ],
          [
            51.248528796494185,
            35.100000294431155
          ],
          [
            51.248680727888065,
            35.15000026501635
          ],
          [
            51.24813179105633,
            35.15000037105534
          ],
          [
            51.247980195036355,
            35.10000039965286
          ],
          [
            51.24743159356184,
            35.10000050239228
          ],
          [
            51.24758285420789,
            35.15000047460747
          ],
          [
            51.24703391734282,
            35.15000057567268
          ],
          [
            51.246882992070724,
            35.10000060264937
          ],
          [
            51.24633439056306,
            35.10000070042417
          ],
          [
            51.246484980461176,
            35.150000674251025
          ],
          [
            51.245936043563034,
            35.15000077034247
          ],
          [
            51.24578578903891,
            35.100000795716646
          ],
          [
            51.245237187498354,
            35.10000088852683
          ],
          [
            51.24538710664846,
            35.15000086394704
          ],
          [
            51.24483816971752,
            35.150000955064726
          ],
          [
            51.244688585941454,
            35.10000097885471
          ],
          [
            51.244139984368275,
            35.10000106670027
          ],
          [
            51.24428923277028,
            35.15000104369551
          ],
          [
            51.2437402958068,
            35.15000112983942
          ],
          [
            51.24359138277889,
            35.100001152063534
          ],
          [
            51.24304278117335,
            35.10000123494451
          ],
          [
            51.243191358827154,
            35.15000121349643
          ],
          [
            51.24264242183141,
            35.15000129466658
          ],
          [
            51.24249417955175,
            35.10000131534314
          ],
          [
            51.24194557791412,
            35.10000139325948
          ],
          [
            51.24209348481965,
            35.150001373349816
          ],
          [
            51.24154454779191,
            35.15000144954618
          ],
          [
            51.24139697626057,
            35.10000146869351
          ],
          [
            51.24084837459114,
            35.10000154164525
          ],
          [
            51.240995610748286,
            35.15000152325565
          ],
          [
            51.24044667368883,
            35.15000159447825
          ],
          [
            51.2402997729059,
            35.10000161211467
          ],
          [
            51.239751171204915,
            35.100001680101784
          ],
          [
            51.23989773661361,
            35.150001663213935
          ],
          [
            51.23934879952269,
            35.150001729462744
          ],
          [
            51.23920256948826,
            35.10000174560659
          ],
          [
            51.238653967756,
            35.10000180862908
          ],
          [
            51.23879986241615,
            35.15000179322467
          ],
          [
            51.23825092529404,
            35.150001854499706
          ],
          [
            51.2381053660082,
            35.10000186916927
          ],
          [
            51.23755676424493,
            35.10000192722716
          ],
          [
            51.23770198815645,
            35.15000191328785
          ],
          [
            51.237153051003425,
            35.150001969589105
          ],
          [
            51.23700816246625,
            35.10000198280273
          ],
          [
            51.23645956067224,
            35.10000203589599
          ],
          [
            51.23660411383505,
            35.150002023403474
          ],
          [
            51.23605517665138,
            35.150002074730956
          ],
          [
            51.23591095886295,
            35.100002086506954
          ],
          [
            51.23536235703846,
            35.1000021346356
          ],
          [
            51.235506239452484,
            35.15000212357155
          ],
          [
            51.234957302238435,
            35.15000216992525
          ],
          [
            51.23481375519883,
            35.10000218028194
          ],
          [
            51.23426515334413,
            35.10000222344597
          ],
          [
            51.234408365009294,
            35.150002213792064
          ],
          [
            51.23385942776513,
            35.15000225517199
          ],
          [
            51.23371655147444,
            35.100002264127696
          ],
          [
            51.23316794958979,
            35.1000023023271
          ],
          [
            51.233310490506014,
            35.15000229406503
          ],
          [
            51.232761553232,
            35.15000233047117
          ],
          [
            51.232619347690296,
            35.100002338044206
          ],
          [
            51.23207074577599,
            35.100002371279
          ],
          [
            51.23221261594318,
            35.15000236439043
          ],
          [
            51.2316636786396,
            35.150002395822796
          ],
          [
            51.231522143846945,
            35.100002402031485
          ],
          [
            51.23097354190324,
            35.10000243030166
          ],
          [
            51.23111474132134,
            35.15000242476828
          ],
          [
            51.230565803988455,
            35.15000245122687
          ],
          [
            51.23042493994493,
            35.10000245608952
          ],
          [
            51.22987633797209,
            35.100002479395066
          ],
          [
            51.230016866641016,
            35.150002475198555
          ],
          [
            51.2294679292791,
            35.15000249668337
          ],
          [
            51.22932773598478,
            35.10000250021832
          ],
          [
            51.22877913398308,
            35.10000251855925
          ],
          [
            51.228918991902766,
            35.15000251568129
          ],
          [
            51.22837005451208,
            35.15000253219231
          ],
          [
            51.22823053196704,
            35.10000253441787
          ],
          [
            51.227681929936736,
            35.100002547794176
          ],
          [
            51.22782111710711,
            35.15000254621643
          ],
          [
            51.22727217968793,
            35.150002557753695
          ],
          [
            51.22713332789224,
            35.10000255868818
          ],
          [
            51.226584725833604,
            35.100002567099885
          ],
          [
            51.22672324225459,
            35.150002566804034
          ],
          [
            51.22617430480718,
            35.1500025733675
          ],
          [
            51.22603612376091,
            35.10000257302925
          ],
          [
            51.225487521674225,
            35.10000257647633
          ],
          [
            51.225625367345756,
            35.15000257744406
          ],
          [
            51.225076429870384,
            35.150002579033746
          ]
        ]
      }
    },
    {
      "type": "Feature",
      "properties": {
        "drone_id": "drone_02",
        "type": "route"
      },
      "geometry": {
        "type": "LineString",
        "coordinates": [
          [
            51.225076429870384,
            35.150002579033746
          ],
          [
            51.2249389195736,
            35.100002577441074
          ],
          [
            51.22439031745911,
            35.100002575923526
          ],
          [
            51.22452749238113,
            35.15000257813653
          ],
          [
            51.223978554878066,
            35.15000257475243
          ],
          [
            51.223841715330835,
            35.10000257192366
          ],
          [
            51.22329311318883,
            35.10000256544148
          ],
          [
            51.22342961736126,
            35.15000256888144
          ],
          [
            51.22288067983077,
            35.150002560523546
          ],
          [
            51.22274451103316,
            35.10000255647699
          ],
          [
            51.222195908863895,
            35.100002545030186
          ],
          [
            51.22233174228668,
            35.150002549678774
          ],
          [
            51.22178280472904,
            35.1500025363471
          ],
          [
            51.22164730668111,
            35.100002531101076
          ],
          [
            51.22109870448487,
            35.10000251468965
          ],
          [
            51.22123386715793,
            35.15000252052854
          ],
          [
            51.2206849295734,
            35.15000250222309
          ],
          [
            51.22055010227522,
            35.100002495795906
          ],
          [
            51.22000150005225,
            35.10000247441986
          ],
          [
            51.22013599197554,
            35.15000248143073
          ],
          [
            51.2195870543644,
            35.1500024581515
          ],
          [
            51.219452897816026,
            35.1000024505615
          ],
          [
            51.2189042955666,
            35.100002424220826
          ],
          [
            51.21903811674006,
            35.15000243238536
          ],
          [
            51.218489179102576,
            35.15000240413234
          ],
          [
            51.21835569330406,
            35.10000239539785
          ],
          [
            51.21780709102847,
            35.100002364092546
          ],
          [
            51.21794024145202,
            35.15000237339242
          ],
          [
            51.21739130378845,
            35.15000234016559
          ],
          [
            51.21725848873987,
            35.10000233030494
          ],
          [
            51.21670988643836,
            35.100002294035015
          ],
          [
            51.21684236611196,
            35.1500023044519
          ],
          [
            51.21629342842259,
            35.1500022662513
          ],
          [
            51.21616128412399,
            35.100002255282774
          ],
          [
            51.21561268179683,
            35.10000221404822
          ],
          [
            51.21574449072041,
            35.15000222556381
          ],
          [
            51.21519555300551,
            35.150002182389414
          ],
          [
            51.21506407945695,
            35.10000217033135
          ],
          [
            51.21451547710441,
            35.100002124132175
          ],
          [
            51.21464661527793,
            35.15000213672815
          ],
          [
            51.21409767753775,
            35.150002088579974
          ],
          [
            51.213966874739285,
            35.10000207545068
          ],
          [
            51.21341827236164,
            35.10000202428687
          ],
          [
            51.21354873978504,
            35.15000203794491
          ],
          [
            51.21299980201986,
            35.15000198482294
          ],
          [
            51.212869669971546,
            35.10000197064076
          ],
          [
            51.21232106756906,
            35.10000191451231
          ],
          [
            51.21245086424228,
            35.150001929214085
          ],
          [
            51.21190192645237,
            35.15000187111835
          ],
          [
            51.21177246515425,
            35.100001855901574
          ],
          [
            51.211223862727195,
            35.10000179480851
          ],
          [
            51.21135298865019,
            35.150001810535706
          ],
          [
            51.21080405083582,
            35.15000174746618
          ],
          [
            51.21067526028795,
            35.100001731233135
          ],
          [
            51.21012665783659,
            35.100001665175434
          ],
          [
            51.2102551130093,
            35.150001681909735
          ],
          [
            51.20970617517074,
            35.150001613866415
          ],
          [
            51.20957805537318,
            35.100001596635444
          ],
          [
            51.20902945289778,
            35.10000152561313
          ],
          [
            51.20915723732018,
            35.1500015433362
          ],
          [
            51.20860829945768,
            35.150001470319076
          ],
          [
            51.20848085041046,
            35.10000145210849
          ],
          [
            51.207932247911295,
            35.10000137612153
          ],
          [
            51.20805936158332,
            35.150001394815085
          ],
          [
            51.207510423697165,
            35.15000131682416
          ],
          [
            51.20738364540035,
            35.100001297652284
          ],
          [
            51.206835042877685,
            35.10000121670072
          ],
          [
            51.20696148579928,
            35.15000123634637
          ],
          [
            51.20641254788975,
            35.15000115338168
          ],
          [
            51.20628644034337,
            35.10000113326682
          ],
          [
            51.20573783779748,
            35.1000010473506
          ],
          [
            51.20586360996862,
            35.15000106793009
          ],
          [
            51.20531467203596,
            35.15000097999161
          ],
          [
            51.20518923524007,
            35.10000095895207
          ],
          [
            51.204640632671214,
            35.10000086807125
          ],
          [
            51.20476573409184,
            35.15000088956623
          ],
          [
            51.204216796136336,
            35.150000796653956
          ],
          [
            51.204092030090976,
            35.10000077470809
          ],
          [
            51.20354342749942,
            35.10000067886263
          ],
          [
            51.2036678581695,
            35.15000070125478
          ],
          [
            51.20311892019141,
            35.15000060336872
          ],
          [
            51.20299482489663,
            35.10000058053484
          ],
          [
            51.202446222282646,
            35.10000047972474
          ],
          [
            51.202569982202135,
            35.15000050299575
          ],
          [
            51.202021044201736,
            35.150000400135895
          ],
          [
            51.20189761965756,
            35.10000037643233
          ],
          [
            51.20134901702142,
            35.1000002706576
          ],
          [
            51.20147210619028,
            35.15000029478915
          ],
          [
            51.20092316816783,
            35.150000186955495
          ],
          [
            51.200800414374314,
            35.100000162400555
          ],
          [
            51.20025181171629,
            35.10000005166119
          ],
          [
            51.20037423013447,
            35.15000007663495
          ]
        ]
      }
    },
    {
      "type": "Feature",
      "properties": {
        "drone_id": "drone_01",
        "type": "route"
      },
      "geometry": {
        "type": "LineString",
        "coordinates": [
          [
            51.24962599935954,
            35.10000007654083
          ],
          [
            51.24977860150115,
            35.15000004547771
          ],
          [
            51.24922966470302,
            35.15000015649047
          ],
          [
            51.249077397935274,
            35.100000186727144
          ],
          [
            51.248528796494185,
            35.100000294431155
          ],
          [
            51.248680727888065,
            35.15000026501635
          ],
          [
            51.24813179105633,
            35.15000037105534
          ],
          [
            51.247980195036355,
            35.10000039965286
          ],
          [
            51.24743159356184,
            35.10000050239228
          ],
          [
            51.24758285420789,
            35.15000047460747
          ],
          [
            51.24703391734282,
            35.15000057567268
          ],
          [
            51.246882992070724,
            35.10000060264937
          ],
          [
            51.24633439056306,
            35.10000070042417
          ],
          [
            51.246484980461176,
            35.150000674251025
          ],
          [
            51.245936043563034,
            35.15000077034247
          ],
          [
            51.24578578903891,
            35.100000795716646
          ],
          [
            51.245237187498354,
            35.10000088852683
          ],
          [
            51.24538710664846,
            35.15000086394704
          ],
          [
            51.24483816971752,
            35.150000955064726
          ],
          [
            51.244688585941454,
            35.10000097885471
          ],
          [
            51.244139984368275,
            35.10000106670027
          ],
          [
            51.24428923277028,
            35.15000104369551
          ],
          [
            51.2437402958068,
            35.15000112983942
          ],
          [
            51.24359138277889,
            35.100001152063534
          ],
          [
            51.24304278117335,
            35.10000123494451
          ],
          [
            51.243191358827154,
            35.15000121349643
          ],
          [
            51.24264242183141,
            35.15000129466658
          ],
          [
            51.24249417955175,
            35.10000131534314
          ],
          [
            51.24194557791412,
            35.10000139325948
          ],
          [
            51.24209348481965,
            35.150001373349816
          ],
          [
            51.24154454779191,
            35.15000144954618
          ],
          [
            51.24139697626057,
            35.10000146869351
          ],
          [
            51.24084837459114,
            35.10000154164525
          ],
          [
            51.240995610748286,
            35.15000152325565
          ],
          [
            51.24044667368883,
            35.15000159447825
          ],
          [
            51.2402997729059,
            35.10000161211467
          ],
          [
            51.239751171204915,
            35.100001680101784
          ],
          [
            51.23989773661361,
            35.150001663213935
          ],
          [
            51.23934879952269,
            35.150001729462744
          ],
          [
            51.23920256948826,
            35.10000174560659
          ],
          [
            51.238653967756,
            35.10000180862908
          ],
          [
            51.23879986241615,
            35.15000179322467
          ],
          [
            51.23825092529404,
            35.150001854499706
          ],
          [
            51.2381053660082,
            35.10000186916927
          ],
          [
            51.23755676424493,
            35.10000192722716
          ],
          [
            51.23770198815645,
            35.15000191328785
          ],
          [
            51.237153051003425,
            35.150001969589105
          ],
          [
            51.23700816246625,
            35.10000198280273
          ],
          [
            51.23645956067224,
            35.10000203589599
          ],
          [
            51.23660411383505,
            35.150002023403474
          ],
          [
            51.23605517665138,
            35.150002074730956
          ],
          [
            51.23591095886295,
            35.100002086506954
          ],
          [
            51.23536235703846,
            35.1000021346356
          ],
          [
            51.235506239452484,
            35.15000212357155
          ],
          [
            51.234957302238435,
            35.15000216992525
          ],
          [
            51.23481375519883,
            35.10000218028194
          ],
          [
            51.23426515334413,
            35.10000222344597
          ],
          [
            51.234408365009294,
            35.150002213792064
          ],
          [
            51.23385942776513,
            35.15000225517199
          ],
          [
            51.23371655147444,
            35.100002264127696
          ],
          [
            51.23316794958979,
            35.1000023023271
          ],
          [
            51.233310490506014,
            35.15000229406503
          ],
          [
            51.232761553232,
            35.15000233047117
          ],
          [
            51.232619347690296,
            35.100002338044206
          ],
          [
            51.23207074577599,
            35.100002371279
          ],
          [
            51.23221261594318,
            35.15000236439043
          ],
          [
            51.2316636786396,
            35.150002395822796
          ],
          [
            51.231522143846945,
            35.100002402031485
          ],
          [
            51.23097354190324,
            35.10000243030166
          ],
          [
            51.23111474132134,
            35.15000242476828
          ],
          [
            51.230565803988455,
            35.15000245122687
          ],
          [
            51.23042493994493,
            35.10000245608952
          ],
          [
            51.22987633797209,
            35.100002479395066
          ],
          [
            51.230016866641016,
            35.150002475198555
          ],
          [
            51.2294679292791,
            35.15000249668337
          ],
          [
            51.22932773598478,
            35.10000250021832
          ],
          [
            51.22877913398308,
            35.10000251855925
          ],
          [
            51.228918991902766,
            35.15000251568129
          ],
          [
            51.22837005451208,
            35.15000253219231
          ],
          [
            51.22823053196704,
            35.10000253441787
          ],
          [
            51.227681929936736,
            35.100002547794176
          ],
          [
            51.22782111710711,
            35.15000254621643
          ],
          [
            51.22727217968793,
            35.150002557753695
          ],
          [
            51.22713332789224,
            35.10000255868818
          ],
          [
            51.226584725833604,
            35.100002567099885
          ],
          [
            51.22672324225459,
            35.150002566804034
          ],
          [
            51.22617430480718,
            35.1500025733675
          ],
          [
            51.22603612376091,
            35.10000257302925
          ],
          [
            51.225487521674225,
            35.10000257647633
          ],
          [
            51.225625367345756,
            35.15000257744406
          ],
          [
            51.225076429870384,
            35.150002579033746
          ]
        ]
      }
    },
    {
      "type": "Feature",
      "properties": {
        "drone_id": "drone_02",
        "type": "route"
      },
      "geometry": {
        "type": "LineString",
        "coordinates": [
          [
            51.225076429870384,
            35.150002579033746
          ],
          [
            51.2249389195736,
            35.100002577441074
          ],
          [
            51.22439031745911,
            35.100002575923526
          ],
          [
            51.22452749238113,
            35.15000257813653
          ],
          [
            51.223978554878066,
            35.15000257475243
          ],
          [
            51.223841715330835,
            35.10000257192366
          ],
          [
            51.22329311318883,
            35.10000256544148
          ],
          [
            51.22342961736126,
            35.15000256888144
          ],
          [
            51.22288067983077,
            35.150002560523546
          ],
          [
            51.22274451103316,
            35.10000255647699
          ],
          [
            51.222195908863895,
            35.100002545030186
          ],
          [
            51.22233174228668,
            35.150002549678774
          ],
          [
            51.22178280472904,
            35.1500025363471
          ],
          [
            51.22164730668111,
            35.100002531101076
          ],
          [
            51.22109870448487,
            35.10000251468965
          ],
          [
            51.22123386715793,
            35.15000252052854
          ],
          [
            51.2206849295734,
            35.15000250222309
          ],
          [
            51.22055010227522,
            35.100002495795906
          ],
          [
            51.22000150005225,
            35.10000247441986
          ],
          [
            51.22013599197554,
            35.15000248143073
          ],
          [
            51.2195870543644,
            35.1500024581515
          ],
          [
            51.219452897816026,
            35.1000024505615
          ],
          [
            51.2189042955666,
            35.100002424220826
          ],
          [
            51.21903811674006,
            35.15000243238536
          ],
          [
            51.218489179102576,
            35.15000240413234
          ],
          [
            51.21835569330406,
            35.10000239539785
          ],
          [
            51.21780709102847,
            35.100002364092546
          ],
          [
            51.21794024145202,
            35.15000237339242
          ],
          [
            51.21739130378845,
            35.15000234016559
          ],
          [
            51.21725848873987,
            35.10000233030494
          ],
          [
            51.21670988643836,
            35.100002294035015
          ],
          [
            51.21684236611196,
            35.1500023044519
          ],
          [
            51.21629342842259,
            35.1500022662513
          ],
          [
            51.21616128412399,
            35.100002255282774
          ],
          [
            51.21561268179683,
            35.10000221404822
          ],
          [
            51.21574449072041,
            35.15000222556381
          ],
          [
            51.21519555300551,
            35.150002182389414
          ],
          [
            51.21506407945695,
            35.10000217033135
          ],
          [
            51.21451547710441,
            35.100002124132175
          ],
          [
            51.21464661527793,
            35.15000213672815
          ],
          [
            51.21409767753775,
            35.150002088579974
          ],
          [
            51.213966874739285,
            35.10000207545068
          ],
          [
            51.21341827236164,
            35.10000202428687
          ],
          [
            51.21354873978504,
            35.15000203794491
          ],
          [
            51.21299980201986,
            35.15000198482294
          ],
          [
            51.212869669971546,
            35.10000197064076
          ],
          [
            51.21232106756906,
            35.10000191451231
          ],
          [
            51.21245086424228,
            35.150001929214085
          ],
          [
            51.21190192645237,
            35.15000187111835
          ],
          [
            51.21177246515425,
            35.100001855901574
          ],
          [
            51.211223862727195,
            35.10000179480851
          ],
          [
            51.21135298865019,
            35.150001810535706
          ],
          [
            51.21080405083582,
            35.15000174746618
          ],
          [
            51.21067526028795,
            35.100001731233135
          ],
          [
            51.21012665783659,
            35.100001665175434
          ],
          [
            51.2102551130093,
            35.150001681909735
          ],
          [
            51.20970617517074,
            35.150001613866415
          ],
          [
            51.20957805537318,
            35.100001596635444
          ],
          [
            51.20902945289778,
            35.10000152561313
          ],
          [
            51.20915723732018,
            35.1500015433362
          ],
          [
            51.20860829945768,
            35.150001470319076
          ],
          [
            51.20848085041046,
            35.10000145210849
          ],
          [
            51.207932247911295,
            35.10000137612153
          ],
          [
            51.20805936158332,
            35.150001394815085
          ],
          [
            51.207510423697165,
            35.15000131682416
          ],
          [
            51.20738364540035,
            35.100001297652284
          ],
          [
            51.206835042877685,
            35.10000121670072
          ],
          [
            51.20696148579928,
            35.15000123634637
          ],
          [
            51.20641254788975,
            35.15000115338168
          ],
          [
            51.20628644034337,
            35.10000113326682
          ],
          [
            51.20573783779748,
            35.1000010473506
          ],
          [
            51.20586360996862,
            35.15000106793009
          ],
          [
            51.20531467203596,
            35.15000097999161
          ],
          [
            51.20518923524007,
            35.10000095895207
          ],
          [
            51.204640632671214,
            35.10000086807125
          ],
          [
            51.20476573409184,
            35.15000088956623
          ],
          [
            51.204216796136336,
            35.150000796653956
          ],
          [
            51.204092030090976,
            35.10000077470809
          ],
          [
            51.20354342749942,
            35.10000067886263
          ],
          [
            51.2036678581695,
            35.15000070125478
          ],
          [
            51.20311892019141,
            35.15000060336872
          ],
          [
            51.20299482489663,
            35.10000058053484
          ],
          [
            51.202446222282646,
            35.10000047972474
          ],
          [
            51.202569982202135,
            35.15000050299575
          ],
          [
            51.202021044201736,
            35.150000400135895
          ],
          [
            51.20189761965756,
            35.10000037643233
          ],
          [
            51.20134901702142,
            35.1000002706576
          ],
          [
            51.20147210619028,
            35.15000029478915
          ],
          [
            51.20092316816783,
            35.150000186955495
          ],
          [
            51.200800414374314,
            35.100000162400555
          ],
          [
            51.20025181171629,
            35.10000005166119
          ],
          [
            51.20037423013447,
            35.15000007663495
          ]
        ]
      }
    },
    {
      "type": "Feature",
      "properties": {
        "drone_id": "drone_01",
        "type": "route"
      },
      "geometry": {
        "type": "LineString",
        "coordinates": [
          [
            51.24962599935954,
            35.10000007654083
          ],
          [
            51.24977860150115,
            35.15000004547771
          ],
          [
            51.24922966470302,
            35.15000015649047
          ],
          [
            51.249077397935274,
            35.100000186727144
          ],
          [
            51.248528796494185,
            35.100000294431155
          ],
          [
            51.248680727888065,
            35.15000026501635
          ],
          [
            51.24813179105633,
            35.15000037105534
          ],
          [
            51.247980195036355,
            35.10000039965286
          ],
          [
            51.24743159356184,
            35.10000050239228
          ],
          [
            51.24758285420789,
            35.15000047460747
          ],
          [
            51.24703391734282,
            35.15000057567268
          ],
          [
            51.246882992070724,
            35.10000060264937
          ],
          [
            51.24633439056306,
            35.10000070042417
          ],
          [
            51.246484980461176,
            35.150000674251025
          ],
          [
            51.245936043563034,
            35.15000077034247
          ],
          [
            51.24578578903891,
            35.100000795716646
          ],
          [
            51.245237187498354,
            35.10000088852683
          ],
          [
            51.24538710664846,
            35.15000086394704
          ],
          [
            51.24483816971752,
            35.150000955064726
          ],
          [
            51.244688585941454,
            35.10000097885471
          ],
          [
            51.244139984368275,
            35.10000106670027
          ],
          [
            51.24428923277028,
            35.15000104369551
          ],
          [
            51.2437402958068,
            35.15000112983942
          ],
          [
            51.24359138277889,
            35.100001152063534
          ],
          [
            51.24304278117335,
            35.10000123494451
          ],
          [
            51.243191358827154,
            35.15000121349643
          ],
          [
            51.24264242183141,
            35.15000129466658
          ],
          [
            51.24249417955175,
            35.10000131534314
          ],
          [
            51.24194557791412,
            35.10000139325948
          ],
          [
            51.24209348481965,
            35.150001373349816
          ],
          [
            51.24154454779191,
            35.15000144954618
          ],
          [
            51.24139697626057,
            35.10000146869351
          ],
          [
            51.24084837459114,
            35.10000154164525
          ],
          [
            51.240995610748286,
            35.15000152325565
          ],
          [
            51.24044667368883,
            35.15000159447825
          ],
          [
            51.2402997729059,
            35.10000161211467
          ],
          [
            51.239751171204915,
            35.100001680101784
          ],
          [
            51.23989773661361,
            35.150001663213935
          ],
          [
            51.23934879952269,
            35.150001729462744
          ],
          [
            51.23920256948826,
            35.10000174560659
          ],
          [
            51.238653967756,
            35.10000180862908
          ],
          [
            51.23879986241615,
            35.15000179322467
          ],
          [
            51.23825092529404,
            35.150001854499706
          ],
          [
            51.2381053660082,
            35.10000186916927
          ],
          [
            51.23755676424493,
            35.10000192722716
          ],
          [
            51.23770198815645,
            35.15000191328785
          ],
          [
            51.237153051003425,
            35.150001969589105
          ],
          [
            51.23700816246625,
            35.10000198280273
          ],
          [
            51.23645956067224,
            35.10000203589599
          ],
          [
            51.23660411383505,
            35.150002023403474
          ],
          [
            51.23605517665138,
            35.150002074730956
          ],
          [
            51.23591095886295,
            35.100002086506954
          ],
          [
            51.23536235703846,
            35.1000021346356
          ],
          [
            51.235506239452484,
            35.15000212357155
          ],
          [
            51.234957302238435,
            35.15000216992525
          ],
          [
            51.23481375519883,
            35.10000218028194
          ],
          [
            51.23426515334413,
            35.10000222344597
          ],
          [
            51.234408365009294,
            35.150002213792064
          ],
          [
            51.23385942776513,
            35.15000225517199
          ],
          [
            51.23371655147444,
            35.100002264127696
          ],
          [
            51.23316794958979,
            35.1000023023271
          ],
          [
            51.233310490506014,
            35.15000229406503
          ],
          [
            51.232761553232,
            35.15000233047117
          ],
          [
            51.232619347690296,
            35.100002338044206
          ],
          [
            51.23207074577599,
            35.100002371279
          ],
          [
            51.23221261594318,
            35.15000236439043
          ],
          [
            51.2316636786396,
            35.150002395822796
          ],
          [
            51.231522143846945,
            35.100002402031485
          ],
          [
            51.23097354190324,
            35.10000243030166
          ],
          [
            51.23111474132134,
            35.15000242476828
          ],
          [
            51.230565803988455,
            35.15000245122687
          ],
          [
            51.23042493994493,
            35.10000245608952
          ],
          [
            51.22987633797209,
            35.100002479395066
          ],
          [
            51.230016866641016,
            35.150002475198555
          ],
          [
            51.2294679292791,
            35.15000249668337
          ],
          [
            51.22932773598478,
            35.10000250021832
          ],
          [
            51.22877913398308,
            35.10000251855925
          ],
          [
            51.228918991902766,
            35.15000251568129
          ],
          [
            51.22837005451208,
            35.15000253219231
          ],
          [
            51.22823053196704,
            35.10000253441787
          ],
          [
            51.227681929936736,
            35.100002547794176
          ],
          [
            51.22782111710711,
            35.15000254621643
          ],
          [
            51.22727217968793,
            35.150002557753695
          ],
          [
            51.22713332789224,
            35.10000255868818
          ],
          [
            51.226584725833604,
            35.100002567099885
          ],
          [
            51.22672324225459,
            35.150002566804034
          ],
          [
            51.22617430480718,
            35.1500025733675
          ],
          [
            51.22603612376091,
            35.10000257302925
          ],
          [
            51.225487521674225,
            35.10000257647633
          ],
          [
            51.225625367345756,
            35.15000257744406
          ],
          [
            51.225076429870384,
            35.150002579033746
          ]
        ]
      }
    },
    {
      "type": "Feature",
      "properties": {
        "drone_id": "drone_02",
        "type": "route"
      },
      "geometry": {
        "type": "LineString",
        "coordinates": [
          [
            51.225076429870384,
            35.150002579033746
          ],
          [
            51.2249389195736,
            35.100002577441074
          ],
          [
            51.22439031745911,
            35.100002575923526
          ],
          [
            51.22452749238113,
            35.15000257813653
          ],
          [
            51.223978554878066,
            35.15000257475243
          ],
          [
            51.223841715330835,
            35.10000257192366
          ],
          [
            51.22329311318883,
            35.10000256544148
          ],
          [
            51.22342961736126,
            35.15000256888144
          ],
          [
            51.22288067983077,
            35.150002560523546
          ],
          [
            51.22274451103316,
            35.10000255647699
          ],
          [
            51.222195908863895,
            35.100002545030186
          ],
          [
            51.22233174228668,
            35.150002549678774
          ],
          [
            51.22178280472904,
            35.1500025363471
          ],
          [
            51.22164730668111,
            35.100002531101076
          ],
          [
            51.22109870448487,
            35.10000251468965
          ],
          [
            51.22123386715793,
            35.15000252052854
          ],
          [
            51.2206849295734,
            35.15000250222309
          ],
          [
            51.22055010227522,
            35.100002495795906
          ],
          [
            51.22000150005225,
            35.10000247441986
          ],
          [
            51.22013599197554,
            35.15000248143073
          ],
          [
            51.2195870543644,
            35.1500024581515
          ],
          [
            51.219452897816026,
            35.1000024505615
          ],
          [
            51.2189042955666,
            35.100002424220826
          ],
          [
            51.21903811674006,
            35.15000243238536
          ],
          [
            51.218489179102576,
            35.15000240413234
          ],
          [
            51.21835569330406,
            35.10000239539785
          ],
          [
            51.21780709102847,
            35.100002364092546
          ],
          [
            51.21794024145202,
            35.15000237339242
          ],
          [
            51.21739130378845,
            35.15000234016559
          ],
          [
            51.21725848873987,
            35.10000233030494
          ],
          [
            51.21670988643836,
            35.100002294035015
          ],
          [
            51.21684236611196,
            35.1500023044519
          ],
          [
            51.21629342842259,
            35.1500022662513
          ],
          [
            51.21616128412399,
            35.100002255282774
          ],
          [
            51.21561268179683,
            35.10000221404822
          ],
          [
            51.21574449072041,
            35.15000222556381
          ],
          [
            51.21519555300551,
            35.150002182389414
          ],
          [
            51.21506407945695,
            35.10000217033135
          ],
          [
            51.21451547710441,
            35.100002124132175
          ],
          [
            51.21464661527793,
            35.15000213672815
          ],
          [
            51.21409767753775,
            35.150002088579974
          ],
          [
            51.213966874739285,
            35.10000207545068
          ],
          [
            51.21341827236164,
            35.10000202428687
          ],
          [
            51.21354873978504,
            35.15000203794491
          ],
          [
            51.21299980201986,
            35.15000198482294
          ],
          [
            51.212869669971546,
            35.10000197064076
          ],
          [
            51.21232106756906,
            35.10000191451231
          ],
          [
            51.21245086424228,
            35.150001929214085
          ],
          [
            51.21190192645237,
            35.15000187111835
          ],
          [
            51.21177246515425,
            35.100001855901574
          ],
          [
            51.211223862727195,
            35.10000179480851
          ],
          [
            51.21135298865019,
            35.150001810535706
          ],
          [
            51.21080405083582,
            35.15000174746618
          ],
          [
            51.21067526028795,
            35.100001731233135
          ],
          [
            51.21012665783659,
            35.100001665175434
          ],
          [
            51.2102551130093,
            35.150001681909735
          ],
          [
            51.20970617517074,
            35.150001613866415
          ],
          [
            51.20957805537318,
            35.100001596635444
          ],
          [
            51.20902945289778,
            35.10000152561313
          ],
          [
            51.20915723732018,
            35.1500015433362
          ],
          [
            51.20860829945768,
            35.150001470319076
          ],
          [
            51.20848085041046,
            35.10000145210849
          ],
          [
            51.207932247911295,
            35.10000137612153
          ],
          [
            51.20805936158332,
            35.150001394815085
          ],
          [
            51.207510423697165,
            35.15000131682416
          ],
          [
            51.20738364540035,
            35.100001297652284
          ],
          [
            51.206835042877685,
            35.10000121670072
          ],
          [
            51.20696148579928,
            35.15000123634637
          ],
          [
            51.20641254788975,
            35.15000115338168
          ],
          [
            51.20628644034337,
            35.10000113326682
          ],
          [
            51.20573783779748,
            35.1000010473506
          ],
          [
            51.20586360996862,
            35.15000106793009
          ],
          [
            51.20531467203596,
            35.15000097999161
          ],
          [
            51.20518923524007,
            35.10000095895207
          ],
          [
            51.204640632671214,
            35.10000086807125
          ],
          [
            51.20476573409184,
            35.15000088956623
          ],
          [
            51.204216796136336,
            35.150000796653956
          ],
          [
            51.204092030090976,
            35.10000077470809
          ],
          [
            51.20354342749942,
            35.10000067886263
          ],
          [
            51.2036678581695,
            35.15000070125478
          ],
          [
            51.20311892019141,
            35.15000060336872
          ],
          [
            51.20299482489663,
            35.10000058053484
          ],
          [
            51.202446222282646,
            35.10000047972474
          ],
          [
            51.202569982202135,
            35.15000050299575
          ],
          [
            51.202021044201736,
            35.150000400135895
          ],
          [
            51.20189761965756,
            35.10000037643233
          ],
          [
            51.20134901702142,
            35.1000002706576
          ],
          [
            51.20147210619028,
            35.15000029478915
          ],
          [
            51.20092316816783,
            35.150000186955495
          ],
          [
            51.200800414374314,
            35.100000162400555
          ],
          [
            51.20025181171629,
            35.10000005166119
          ],
          [
            51.20037423013447,
            35.15000007663495
          ]
        ]
      }
    },
    {
      "type": "Feature",
      "properties": {
        "drone_id": "drone_01",
        "type": "route"
      },
      "geometry": {
        "type": "LineString",
        "coordinates": [
          [
            51.24962599935954,
            35.10000007654083
          ],
          [
            51.24977860150115,
            35.15000004547771
          ],
          [
            51.24922966470302,
            35.15000015649047
          ],
          [
            51.249077397935274,
            35.100000186727144
          ],
          [
            51.248528796494185,
            35.100000294431155
          ],
          [
            51.248680727888065,
            35.15000026501635
          ],
          [
            51.24813179105633,
            35.15000037105534
          ],
          [
            51.247980195036355,
            35.10000039965286
          ],
          [
            51.24743159356184,
            35.10000050239228
          ],
          [
            51.24758285420789,
            35.15000047460747
          ],
          [
            51.24703391734282,
            35.15000057567268
          ],
          [
            51.246882992070724,
            35.10000060264937
          ],
          [
            51.24633439056306,
            35.10000070042417
          ],
          [
            51.246484980461176,
            35.150000674251025
          ],
          [
            51.245936043563034,
            35.15000077034247
          ],
          [
            51.24578578903891,
            35.100000795716646
          ],
          [
            51.245237187498354,
            35.10000088852683
          ],
          [
            51.24538710664846,
            35.15000086394704
          ],
          [
            51.24483816971752,
            35.150000955064726
          ],
          [
            51.244688585941454,
            35.10000097885471
          ],
          [
            51.244139984368275,
            35.10000106670027
          ],
          [
            51.24428923277028,
            35.15000104369551
          ],
          [
            51.2437402958068,
            35.15000112983942
          ],
          [
            51.24359138277889,
            35.100001152063534
          ],
          [
            51.24304278117335,
            35.10000123494451
          ],
          [
            51.243191358827154,
            35.15000121349643
          ],
          [
            51.24264242183141,
            35.15000129466658
          ],
          [
            51.24249417955175,
            35.10000131534314
          ],
          [
            51.24194557791412,
            35.10000139325948
          ],
          [
            51.24209348481965,
            35.150001373349816
          ],
          [
            51.24154454779191,
            35.15000144954618
          ],
          [
            51.24139697626057,
            35.10000146869351
          ],
          [
            51.24084837459114,
            35.10000154164525
          ],
          [
            51.240995610748286,
            35.15000152325565
          ],
          [
            51.24044667368883,
            35.15000159447825
          ],
          [
            51.2402997729059,
            35.10000161211467
          ],
          [
            51.239751171204915,
            35.100001680101784
          ],
          [
            51.23989773661361,
            35.150001663213935
          ],
          [
            51.23934879952269,
            35.150001729462744
          ],
          [
            51.23920256948826,
            35.10000174560659
          ],
          [
            51.238653967756,
            35.10000180862908
          ],
          [
            51.23879986241615,
            35.15000179322467
          ],
          [
            51.23825092529404,
            35.150001854499706
          ],
          [
            51.2381053660082,
            35.10000186916927
          ],
          [
            51.23755676424493,
            35.10000192722716
          ],
          [
            51.23770198815645,
            35.15000191328785
          ],
          [
            51.237153051003425,
            35.150001969589105
          ],
          [
            51.23700816246625,
            35.10000198280273
          ],
          [
            51.23645956067224,
            35.10000203589599
          ],
          [
            51.23660411383505,
            35.150002023403474
          ],
          [
            51.23605517665138,
            35.150002074730956
          ],
          [
            51.23591095886295,
            35.100002086506954
          ],
          [
            51.23536235703846,
            35.1000021346356
          ],
          [
            51.235506239452484,
            35.15000212357155
          ],
          [
            51.234957302238435,
            35.15000216992525
          ],
          [
            51.23481375519883,
            35.10000218028194
          ],
          [
            51.23426515334413,
            35.10000222344597
          ],
          [
            51.234408365009294,
            35.150002213792064
          ],
          [
            51.23385942776513,
            35.15000225517199
          ],
          [
            51.23371655147444,
            35.100002264127696
          ],
          [
            51.23316794958979,
            35.1000023023271
          ],
          [
            51.233310490506014,
            35.15000229406503
          ],
          [
            51.232761553232,
            35.15000233047117
          ],
          [
            51.232619347690296,
            35.100002338044206
          ],
          [
            51.23207074577599,
            35.100002371279
          ],
          [
            51.23221261594318,
            35.15000236439043
          ],
          [
            51.2316636786396,
            35.150002395822796
          ],
          [
            51.231522143846945,
            35.100002402031485
          ],
          [
            51.23097354190324,
            35.10000243030166
          ],
          [
            51.23111474132134,
            35.15000242476828
          ],
          [
            51.230565803988455,
            35.15000245122687
          ],
          [
            51.23042493994493,
            35.10000245608952
          ],
          [
            51.22987633797209,
            35.100002479395066
          ],
          [
            51.230016866641016,
            35.150002475198555
          ],
          [
            51.2294679292791,
            35.15000249668337
          ],
          [
            51.22932773598478,
            35.10000250021832
          ],
          [
            51.22877913398308,
            35.10000251855925
          ],
          [
            51.228918991902766,
            35.15000251568129
          ],
          [
            51.22837005451208,
            35.15000253219231
          ],
          [
            51.22823053196704,
            35.10000253441787
          ],
          [
            51.227681929936736,
            35.100002547794176
          ],
          [
            51.22782111710711,
            35.15000254621643
          ],
          [
            51.22727217968793,
            35.150002557753695
          ],
          [
            51.22713332789224,
            35.10000255868818
          ],
          [
            51.226584725833604,
            35.100002567099885
          ],
          [
            51.22672324225459,
            35.150002566804034
          ],
          [
            51.22617430480718,
            35.1500025733675
          ],
          [
            51.22603612376091,
            35.10000257302925
          ],
          [
            51.225487521674225,
            35.10000257647633
          ],
          [
            51.225625367345756,
            35.15000257744406
          ],
          [
            51.225076429870384,
            35.150002579033746
          ]
        ]
      }
    },
    {
      "type": "Feature",
      "properties": {
        "drone_id": "drone_02",
        "type": "route"
      },
      "geometry": {
        "type": "LineString",
        "coordinates": [
          [
            51.225076429870384,
            35.150002579033746
          ],
          [
            51.2249389195736,
            35.100002577441074
          ],
          [
            51.22439031745911,
            35.100002575923526
          ],
          [
            51.22452749238113,
            35.15000257813653
          ],
          [
            51.223978554878066,
            35.15000257475243
          ],
          [
            51.223841715330835,
            35.10000257192366
          ],
          [
            51.22329311318883,
            35.10000256544148
          ],
          [
            51.22342961736126,
            35.15000256888144
          ],
          [
            51.22288067983077,
            35.150002560523546
          ],
          [
            51.22274451103316,
            35.10000255647699
          ],
          [
            51.222195908863895,
            35.100002545030186
          ],
          [
            51.22233174228668,
            35.150002549678774
          ],
          [
            51.22178280472904,
            35.1500025363471
          ],
          [
            51.22164730668111,
            35.100002531101076
          ],
          [
            51.22109870448487,
            35.10000251468965
          ],
          [
            51.22123386715793,
            35.15000252052854
          ],
          [
            51.2206849295734,
            35.15000250222309
          ],
          [
            51.22055010227522,
            35.100002495795906
          ],
          [
            51.22000150005225,
            35.10000247441986
          ],
          [
            51.22013599197554,
            35.15000248143073
          ],
          [
            51.2195870543644,
            35.1500024581515
          ],
          [
            51.219452897816026,
            35.1000024505615
          ],
          [
            51.2189042955666,
            35.100002424220826
          ],
          [
            51.21903811674006,
            35.15000243238536
          ],
          [
            51.218489179102576,
            35.15000240413234
          ],
          [
            51.21835569330406,
            35.10000239539785
          ],
          [
            51.21780709102847,
            35.100002364092546
          ],
          [
            51.21794024145202,
            35.15000237339242
          ],
          [
            51.21739130378845,
            35.15000234016559
          ],
          [
            51.21725848873987,
            35.10000233030494
          ],
          [
            51.21670988643836,
            35.100002294035015
          ],
          [
            51.21684236611196,
            35.1500023044519
          ],
          [
            51.21629342842259,
            35.1500022662513
          ],
          [
            51.21616128412399,
            35.100002255282774
          ],
          [
            51.21561268179683,
            35.10000221404822
          ],
          [
            51.21574449072041,
            35.15000222556381
          ],
          [
            51.21519555300551,
            35.150002182389414
          ],
          [
            51.21506407945695,
            35.10000217033135
          ],
          [
            51.21451547710441,
            35.100002124132175
          ],
          [
            51.21464661527793,
            35.15000213672815
          ],
          [
            51.21409767753775,
            35.150002088579974
          ],
          [
            51.213966874739285,
            35.10000207545068
          ],
          [
            51.21341827236164,
            35.10000202428687
          ],
          [
            51.21354873978504,
            35.15000203794491
          ],
          [
            51.21299980201986,
            35.15000198482294
          ],
          [
            51.212869669971546,
            35.10000197064076
          ],
          [
            51.21232106756906,
            35.10000191451231
          ],
          [
            51.21245086424228,
            35.150001929214085
          ],
          [
            51.21190192645237,
            35.15000187111835
          ],
          [
            51.21177246515425,
            35.100001855901574
          ],
          [
            51.211223862727195,
            35.10000179480851
          ],
          [
            51.21135298865019,
            35.150001810535706
          ],
          [
            51.21080405083582,
            35.15000174746618
          ],
          [
            51.21067526028795,
            35.100001731233135
          ],
          [
            51.21012665783659,
            35.100001665175434
          ],
          [
            51.2102551130093,
            35.150001681909735
          ],
          [
            51.20970617517074,
            35.150001613866415
          ],
          [
            51.20957805537318,
            35.100001596635444
          ],
          [
            51.20902945289778,
            35.10000152561313
          ],
          [
            51.20915723732018,
            35.1500015433362
          ],
          [
            51.20860829945768,
            35.150001470319076
          ],
          [
            51.20848085041046,
            35.10000145210849
          ],
          [
            51.207932247911295,
            35.10000137612153
          ],
          [
            51.20805936158332,
            35.150001394815085
          ],
          [
            51.207510423697165,
            35.15000131682416
          ],
          [
            51.20738364540035,
            35.100001297652284
          ],
          [
            51.206835042877685,
            35.10000121670072
          ],
          [
            51.20696148579928,
            35.15000123634637
          ],
          [
            51.20641254788975,
            35.15000115338168
          ],
          [
            51.20628644034337,
            35.10000113326682
          ],
          [
            51.20573783779748,
            35.1000010473506
          ],
          [
            51.20586360996862,
            35.15000106793009
          ],
          [
            51.20531467203596,
            35.15000097999161
          ],
          [
            51.20518923524007,
            35.10000095895207
          ],
          [
            51.204640632671214,
            35.10000086807125
          ],
          [
            51.20476573409184,
            35.15000088956623
          ],
          [
            51.204216796136336,
            35.150000796653956
          ],
          [
            51.204092030090976,
            35.10000077470809
          ],
          [
            51.20354342749942,
            35.10000067886263
          ],
          [
            51.2036678581695,
            35.15000070125478
          ],
          [
            51.20311892019141,
            35.15000060336872
          ],
          [
            51.20299482489663,
            35.10000058053484
          ],
          [
            51.202446222282646,
            35.10000047972474
          ],
          [
            51.202569982202135,
            35.15000050299575
          ],
          [
            51.202021044201736,
            35.150000400135895
          ],
          [
            51.20189761965756,
            35.10000037643233
          ],
          [
            51.20134901702142,
            35.1000002706576
          ],
          [
            51.20147210619028,
            35.15000029478915
          ],
          [
            51.20092316816783,
            35.150000186955495
          ],
          [
            51.200800414374314,
            35.100000162400555
          ],
          [
            51.20025181171629,
            35.10000005166119
          ],
          [
            51.20037423013447,
            35.15000007663495
          ]
        ]
      }
    },
    {
      "type": "Feature",
      "properties": {
        "drone_id": "drone_01",
        "type": "route"
      },
      "geometry": {
        "type": "LineString",
        "coordinates": [
          [
            51.24962599935954,
            35.10000007654083
          ],
          [
            51.24977860150115,
            35.15000004547771
          ],
          [
            51.24922966470302,
            35.15000015649047
          ],
          [
            51.249077397935274,
            35.100000186727144
          ],
          [
            51.248528796494185,
            35.100000294431155
          ],
          [
            51.248680727888065,
            35.15000026501635
          ],
          [
            51.24813179105633,
            35.15000037105534
          ],
          [
            51.247980195036355,
            35.10000039965286
          ],
          [
            51.24743159356184,
            35.10000050239228
          ],
          [
            51.24758285420789,
            35.15000047460747
          ],
          [
            51.24703391734282,
            35.15000057567268
          ],
          [
            51.246882992070724,
            35.10000060264937
          ],
          [
            51.24633439056306,
            35.10000070042417
          ],
          [
            51.246484980461176,
            35.150000674251025
          ],
          [
            51.245936043563034,
            35.15000077034247
          ],
          [
            51.24578578903891,
            35.100000795716646
          ],
          [
            51.245237187498354,
            35.10000088852683
          ],
          [
            51.24538710664846,
            35.15000086394704
          ],
          [
            51.24483816971752,
            35.150000955064726
          ],
          [
            51.244688585941454,
            35.10000097885471
          ],
          [
            51.244139984368275,
            35.10000106670027
          ],
          [
            51.24428923277028,
            35.15000104369551
          ],
          [
            51.2437402958068,
            35.15000112983942
          ],
          [
            51.24359138277889,
            35.100001152063534
          ],
          [
            51.24304278117335,
            35.10000123494451
          ],
          [
            51.243191358827154,
            35.15000121349643
          ],
          [
            51.24264242183141,
            35.15000129466658
          ],
          [
            51.24249417955175,
            35.10000131534314
          ],
          [
            51.24194557791412,
            35.10000139325948
          ],
          [
            51.24209348481965,
            35.150001373349816
          ],
          [
            51.24154454779191,
            35.15000144954618
          ],
          [
            51.24139697626057,
            35.10000146869351
          ],
          [
            51.24084837459114,
            35.10000154164525
          ],
          [
            51.240995610748286,
            35.15000152325565
          ],
          [
            51.24044667368883,
            35.15000159447825
          ],
          [
            51.2402997729059,
            35.10000161211467
          ],
          [
            51.239751171204915,
            35.100001680101784
          ],
          [
            51.23989773661361,
            35.150001663213935
          ],
          [
            51.23934879952269,
            35.150001729462744
          ],
          [
            51.23920256948826,
            35.10000174560659
          ],
          [
            51.238653967756,
            35.10000180862908
          ],
          [
            51.23879986241615,
            35.15000179322467
          ],
          [
            51.23825092529404,
            35.150001854499706
          ],
          [
            51.2381053660082,
            35.10000186916927
          ],
          [
            51.23755676424493,
            35.10000192722716
          ],
          [
            51.23770198815645,
            35.15000191328785
          ],
          [
            51.237153051003425,
            35.150001969589105
          ],
          [
            51.23700816246625,
            35.10000198280273
          ],
          [
            51.23645956067224,
            35.10000203589599
          ],
          [
            51.23660411383505,
            35.150002023403474
          ],
          [
            51.23605517665138,
            35.150002074730956
          ],
          [
            51.23591095886295,
            35.100002086506954
          ],
          [
            51.23536235703846,
            35.1000021346356
          ],
          [
            51.235506239452484,
            35.15000212357155
          ],
          [
            51.234957302238435,
            35.15000216992525
          ],
          [
            51.23481375519883,
            35.10000218028194
          ],
          [
            51.23426515334413,
            35.10000222344597
          ],
          [
            51.234408365009294,
            35.150002213792064
          ],
          [
            51.23385942776513,
            35.15000225517199
          ],
          [
            51.23371655147444,
            35.100002264127696
          ],
          [
            51.23316794958979,
            35.1000023023271
          ],
          [
            51.233310490506014,
            35.15000229406503
          ],
          [
            51.232761553232,
            35.15000233047117
          ],
          [
            51.232619347690296,
            35.100002338044206
          ],
          [
            51.23207074577599,
            35.100002371279
          ],
          [
            51.23221261594318,
            35.15000236439043
          ],
          [
            51.2316636786396,
            35.150002395822796
          ],
          [
            51.231522143846945,
            35.100002402031485
          ],
          [
            51.23097354190324,
            35.10000243030166
          ],
          [
            51.23111474132134,
            35.15000242476828
          ],
          [
            51.230565803988455,
            35.15000245122687
          ],
          [
            51.23042493994493,
            35.10000245608952
          ],
          [
            51.22987633797209,
            35.100002479395066
          ],
          [
            51.230016866641016,
            35.150002475198555
          ],
          [
            51.2294679292791,
            35.15000249668337
          ],
          [
            51.22932773598478,
            35.10000250021832
          ],
          [
            51.22877913398308,
            35.10000251855925
          ],
          [
            51.228918991902766,
            35.15000251568129
          ],
          [
            51.22837005451208,
            35.15000253219231
          ],
          [
            51.22823053196704,
            35.10000253441787
          ],
          [
            51.227681929936736,
            35.100002547794176
          ],
          [
            51.22782111710711,
            35.15000254621643
          ],
          [
            51.22727217968793,
            35.150002557753695
          ],
          [
            51.22713332789224,
            35.10000255868818
          ],
          [
            51.226584725833604,
            35.100002567099885
          ],
          [
            51.22672324225459,
            35.150002566804034
          ],
          [
            51.22617430480718,
            35.1500025733675
          ],
          [
            51.22603612376091,
            35.10000257302925
          ],
          [
            51.225487521674225,
            35.10000257647633
          ],
          [
            51.225625367345756,
            35.15000257744406
          ],
          [
            51.225076429870384,
            35.150002579033746
          ]
        ]
      }
    },
    {
      "type": "Feature",
      "properties": {
        "drone_id": "drone_02",
        "type": "route"
      },
      "geometry": {
        "type": "LineString",
        "coordinates": [
          [
            51.225076429870384,
            35.150002579033746
          ],
          [
            51.2249389195736,
            35.100002577441074
          ],
          [
            51.22439031745911,
            35.100002575923526
          ],
          [
            51.22452749238113,
            35.15000257813653
          ],
          [
            51.223978554878066,
            35.15000257475243
          ],
          [
            51.223841715330835,
            35.10000257192366
          ],
          [
            51.22329311318883,
            35.10000256544148
          ],
          [
            51.22342961736126,
            35.15000256888144
          ],
          [
            51.22288067983077,
            35.150002560523546
          ],
          [
            51.22274451103316,
            35.10000255647699
          ],
          [
            51.222195908863895,
            35.100002545030186
          ],
          [
            51.22233174228668,
            35.150002549678774
          ],
          [
            51.22178280472904,
            35.1500025363471
          ],
          [
            51.22164730668111,
            35.100002531101076
          ],
          [
            51.22109870448487,
            35.10000251468965
          ],
          [
            51.22123386715793,
            35.15000252052854
          ],
          [
            51.2206849295734,
            35.15000250222309
          ],
          [
            51.22055010227522,
            35.100002495795906
          ],
          [
            51.22000150005225,
            35.10000247441986
          ],
          [
            51.22013599197554,
            35.15000248143073
          ],
          [
            51.2195870543644,
            35.1500024581515
          ],
          [
            51.219452897816026,
            35.1000024505615
          ],
          [
            51.2189042955666,
            35.100002424220826
          ],
          [
            51.21903811674006,
            35.15000243238536
          ],
          [
            51.218489179102576,
            35.15000240413234
          ],
          [
            51.21835569330406,
            35.10000239539785
          ],
          [
            51.21780709102847,
            35.100002364092546
          ],
          [
            51.21794024145202,
            35.15000237339242
          ],
          [
            51.21739130378845,
            35.15000234016559
          ],
          [
            51.21725848873987,
            35.10000233030494
          ],
          [
            51.21670988643836,
            35.100002294035015
          ],
          [
            51.21684236611196,
            35.1500023044519
          ],
          [
            51.21629342842259,
            35.1500022662513
          ],
          [
            51.21616128412399,
            35.100002255282774
          ],
          [
            51.21561268179683,
            35.10000221404822
          ],
          [
            51.21574449072041,
            35.15000222556381
          ],
          [
            51.21519555300551,
            35.150002182389414
          ],
          [
            51.21506407945695,
            35.10000217033135
          ],
          [
            51.21451547710441,
            35.100002124132175
          ],
          [
            51.21464661527793,
            35.15000213672815
          ],
          [
            51.21409767753775,
            35.150002088579974
          ],
          [
            51.213966874739285,
            35.10000207545068
          ],
          [
            51.21341827236164,
            35.10000202428687
          ],
          [
            51.21354873978504,
            35.15000203794491
          ],
          [
            51.21299980201986,
            35.15000198482294
          ],
          [
            51.212869669971546,
            35.10000197064076
          ],
          [
            51.21232106756906,
            35.10000191451231
          ],
          [
            51.21245086424228,
            35.150001929214085
          ],
          [
            51.21190192645237,
            35.15000187111835
          ],
          [
            51.21177246515425,
            35.100001855901574
          ],
          [
            51.211223862727195,
            35.10000179480851
          ],
          [
            51.21135298865019,
            35.150001810535706
          ],
          [
            51.21080405083582,
            35.15000174746618
          ],
          [
            51.21067526028795,
            35.100001731233135
          ],
          [
            51.21012665783659,
            35.100001665175434
          ],
          [
            51.2102551130093,
            35.150001681909735
          ],
          [
            51.20970617517074,
            35.150001613866415
          ],
          [
            51.20957805537318,
            35.100001596635444
          ],
          [
            51.20902945289778,
            35.10000152561313
          ],
          [
            51.20915723732018,
            35.1500015433362
          ],
          [
            51.20860829945768,
            35.150001470319076
          ],
          [
            51.20848085041046,
            35.10000145210849
          ],
          [
            51.207932247911295,
            35.10000137612153
          ],
          [
            51.20805936158332,
            35.150001394815085
          ],
          [
            51.207510423697165,
            35.15000131682416
          ],
          [
            51.20738364540035,
            35.100001297652284
          ],
          [
            51.206835042877685,
            35.10000121670072
          ],
          [
            51.20696148579928,
            35.15000123634637
          ],
          [
            51.20641254788975,
            35.15000115338168
          ],
          [
            51.20628644034337,
            35.10000113326682
          ],
          [
            51.20573783779748,
            35.1000010473506
          ],
          [
            51.20586360996862,
            35.15000106793009
          ],
          [
            51.20531467203596,
            35.15000097999161
          ],
          [
            51.20518923524007,
            35.10000095895207
          ],
          [
            51.204640632671214,
            35.10000086807125
          ],
          [
            51.20476573409184,
            35.15000088956623
          ],
          [
            51.204216796136336,
            35.150000796653956
          ],
          [
            51.204092030090976,
            35.10000077470809
          ],
          [
            51.20354342749942,
            35.10000067886263
          ],
          [
            51.2036678581695,
            35.15000070125478
          ],
          [
            51.20311892019141,
            35.15000060336872
          ],
          [
            51.20299482489663,
            35.10000058053484
          ],
          [
            51.202446222282646,
            35.10000047972474
          ],
          [
            51.202569982202135,
            35.15000050299575
          ],
          [
            51.202021044201736,
            35.150000400135895
          ],
          [
            51.20189761965756,
            35.10000037643233
          ],
          [
            51.20134901702142,
            35.1000002706576
          ],
          [
            51.20147210619028,
            35.15000029478915
          ],
          [
            51.20092316816783,
            35.150000186955495
          ],
          [
            51.200800414374314,
            35.100000162400555
          ],
          [
            51.20025181171629,
            35.10000005166119
          ],
          [
            51.20037423013447,
            35.15000007663495
          ]
        ]
      }
    },
    {
      "type": "Feature",
      "properties": {
        "drone_id": "drone_01",
        "type": "route"
      },
      "geometry": {
        "type": "LineString",
        "coordinates": [
          [
            51.24962599935954,
            35.10000007654083
          ],
          [
            51.24977860150115,
            35.15000004547771
          ],
          [
            51.24922966470302,
            35.15000015649047
          ],
          [
            51.249077397935274,
            35.100000186727144
          ],
          [
            51.248528796494185,
            35.100000294431155
          ],
          [
            51.248680727888065,
            35.15000026501635
          ],
          [
            51.24813179105633,
            35.15000037105534
          ],
          [
            51.247980195036355,
            35.10000039965286
          ],
          [
            51.24743159356184,
            35.10000050239228
          ],
          [
            51.24758285420789,
            35.15000047460747
          ],
          [
            51.24703391734282,
            35.15000057567268
          ],
          [
            51.246882992070724,
            35.10000060264937
          ],
          [
            51.24633439056306,
            35.10000070042417
          ],
          [
            51.246484980461176,
            35.150000674251025
          ],
          [
            51.245936043563034,
            35.15000077034247
          ],
          [
            51.24578578903891,
            35.100000795716646
          ],
          [
            51.245237187498354,
            35.10000088852683
          ],
          [
            51.24538710664846,
            35.15000086394704
          ],
          [
            51.24483816971752,
            35.150000955064726
          ],
          [
            51.244688585941454,
            35.10000097885471
          ],
          [
            51.244139984368275,
            35.10000106670027
          ],
          [
            51.24428923277028,
            35.15000104369551
          ],
          [
            51.2437402958068,
            35.15000112983942
          ],
          [
            51.24359138277889,
            35.100001152063534
          ],
          [
            51.24304278117335,
            35.10000123494451
          ],
          [
            51.243191358827154,
            35.15000121349643
          ],
          [
            51.24264242183141,
            35.15000129466658
          ],
          [
            51.24249417955175,
            35.10000131534314
          ],
          [
            51.24194557791412,
            35.10000139325948
          ],
          [
            51.24209348481965,
            35.150001373349816
          ],
          [
            51.24154454779191,
            35.15000144954618
          ],
          [
            51.24139697626057,
            35.10000146869351
          ],
          [
            51.24084837459114,
            35.10000154164525
          ],
          [
            51.240995610748286,
            35.15000152325565
          ],
          [
            51.24044667368883,
            35.15000159447825
          ],
          [
            51.2402997729059,
            35.10000161211467
          ],
          [
            51.239751171204915,
            35.100001680101784
          ],
          [
            51.23989773661361,
            35.150001663213935
          ],
          [
            51.23934879952269,
            35.150001729462744
          ],
          [
            51.23920256948826,
            35.10000174560659
          ],
          [
            51.238653967756,
            35.10000180862908
          ],
          [
            51.23879986241615,
            35.15000179322467
          ],
          [
            51.23825092529404,
            35.150001854499706
          ],
          [
            51.2381053660082,
            35.10000186916927
          ],
          [
            51.23755676424493,
            35.10000192722716
          ],
          [
            51.23770198815645,
            35.15000191328785
          ],
          [
            51.237153051003425,
            35.150001969589105
          ],
          [
            51.23700816246625,
            35.10000198280273
          ],
          [
            51.23645956067224,
            35.10000203589599
          ],
          [
            51.23660411383505,
            35.150002023403474
          ],
          [
            51.23605517665138,
            35.150002074730956
          ],
          [
            51.23591095886295,
            35.100002086506954
          ],
          [
            51.23536235703846,
            35.1000021346356
          ],
          [
            51.235506239452484,
            35.15000212357155
          ],
          [
            51.234957302238435,
            35.15000216992525
          ],
          [
            51.23481375519883,
            35.10000218028194
          ],
          [
            51.23426515334413,
            35.10000222344597
          ],
          [
            51.234408365009294,
            35.150002213792064
          ],
          [
            51.23385942776513,
            35.15000225517199
          ],
          [
            51.23371655147444,
            35.100002264127696
          ],
          [
            51.23316794958979,
            35.1000023023271
          ],
          [
            51.233310490506014,
            35.15000229406503
          ],
          [
            51.232761553232,
            35.15000233047117
          ],
          [
            51.232619347690296,
            35.100002338044206
          ],
          [
            51.23207074577599,
            35.100002371279
          ],
          [
            51.23221261594318,
            35.15000236439043
          ],
          [
            51.2316636786396,
            35.150002395822796
          ],
          [
            51.231522143846945,
            35.100002402031485
          ],
          [
            51.23097354190324,
            35.10000243030166
          ],
          [
            51.23111474132134,
            35.15000242476828
          ],
          [
            51.230565803988455,
            35.15000245122687
          ],
          [
            51.23042493994493,
            35.10000245608952
          ],
          [
            51.22987633797209,
            35.100002479395066
          ],
          [
            51.230016866641016,
            35.150002475198555
          ],
          [
            51.2294679292791,
            35.15000249668337
          ],
          [
            51.22932773598478,
            35.10000250021832
          ],
          [
            51.22877913398308,
            35.10000251855925
          ],
          [
            51.228918991902766,
            35.15000251568129
          ],
          [
            51.22837005451208,
            35.15000253219231
          ],
          [
            51.22823053196704,
            35.10000253441787
          ],
          [
            51.227681929936736,
            35.100002547794176
          ],
          [
            51.22782111710711,
            35.15000254621643
          ],
          [
            51.22727217968793,
            35.150002557753695
          ],
          [
            51.22713332789224,
            35.10000255868818
          ],
          [
            51.226584725833604,
            35.100002567099885
          ],
          [
            51.22672324225459,
            35.150002566804034
          ],
          [
            51.22617430480718,
            35.1500025733675
          ],
          [
            51.22603612376091,
            35.10000257302925
          ],
          [
            51.225487521674225,
            35.10000257647633
          ],
          [
            51.225625367345756,
            35.15000257744406
          ],
          [
            51.225076429870384,
            35.150002579033746
          ]
        ]
      }
    },
    {
      "type": "Feature",
      "properties": {
        "drone_id": "drone_02",
        "type": "route"
      },
      "geometry": {
        "type": "LineString",
        "coordinates": [
          [
            51.225076429870384,
            35.150002579033746
          ],
          [
            51.2249389195736,
            35.100002577441074
          ],
          [
            51.22439031745911,
            35.100002575923526
          ],
          [
            51.22452749238113,
            35.15000257813653
          ],
          [
            51.223978554878066,
            35.15000257475243
          ],
          [
            51.223841715330835,
            35.10000257192366
          ],
          [
            51.22329311318883,
            35.10000256544148
          ],
          [
            51.22342961736126,
            35.15000256888144
          ],
          [
            51.22288067983077,
            35.150002560523546
          ],
          [
            51.22274451103316,
            35.10000255647699
          ],
          [
            51.222195908863895,
            35.100002545030186
          ],
          [
            51.22233174228668,
            35.150002549678774
          ],
          [
            51.22178280472904,
            35.1500025363471
          ],
          [
            51.22164730668111,
            35.100002531101076
          ],
          [
            51.22109870448487,
            35.10000251468965
          ],
          [
            51.22123386715793,
            35.15000252052854
          ],
          [
            51.2206849295734,
            35.15000250222309
          ],
          [
            51.22055010227522,
            35.100002495795906
          ],
          [
            51.22000150005225,
            35.10000247441986
          ],
          [
            51.22013599197554,
            35.15000248143073
          ],
          [
            51.2195870543644,
            35.1500024581515
          ],
          [
            51.219452897816026,
            35.1000024505615
          ],
          [
            51.2189042955666,
            35.100002424220826
          ],
          [
            51.21903811674006,
            35.15000243238536
          ],
          [
            51.218489179102576,
            35.15000240413234
          ],
          [
            51.21835569330406,
            35.10000239539785
          ],
          [
            51.21780709102847,
            35.100002364092546
          ],
          [
            51.21794024145202,
            35.15000237339242
          ],
          [
            51.21739130378845,
            35.15000234016559
          ],
          [
            51.21725848873987,
            35.10000233030494
          ],
          [
            51.21670988643836,
            35.100002294035015
          ],
          [
            51.21684236611196,
            35.1500023044519
          ],
          [
            51.21629342842259,
            35.1500022662513
          ],
          [
            51.21616128412399,
            35.100002255282774
          ],
          [
            51.21561268179683,
            35.10000221404822
          ],
          [
            51.21574449072041,
            35.15000222556381
          ],
          [
            51.21519555300551,
            35.150002182389414
          ],
          [
            51.21506407945695,
            35.10000217033135
          ],
          [
            51.21451547710441,
            35.100002124132175
          ],
          [
            51.21464661527793,
            35.15000213672815
          ],
          [
            51.21409767753775,
            35.150002088579974
          ],
          [
            51.213966874739285,
            35.10000207545068
          ],
          [
            51.21341827236164,
            35.10000202428687
          ],
          [
            51.21354873978504,
            35.15000203794491
          ],
          [
            51.21299980201986,
            35.15000198482294
          ],
          [
            51.212869669971546,
            35.10000197064076
          ],
          [
            51.21232106756906,
            35.10000191451231
          ],
          [
            51.21245086424228,
            35.150001929214085
          ],
          [
            51.21190192645237,
            35.15000187111835
          ],
          [
            51.21177246515425,
            35.100001855901574
          ],
          [
            51.211223862727195,
            35.10000179480851
          ],
          [
            51.21135298865019,
            35.150001810535706
          ],
          [
            51.21080405083582,
            35.15000174746618
          ],
          [
            51.21067526028795,
            35.100001731233135
          ],
          [
            51.21012665783659,
            35.100001665175434
          ],
          [
            51.2102551130093,
            35.150001681909735
          ],
          [
            51.20970617517074,
            35.150001613866415
          ],
          [
            51.20957805537318,
            35.100001596635444
          ],
          [
            51.20902945289778,
            35.10000152561313
          ],
          [
            51.20915723732018,
            35.1500015433362
          ],
          [
            51.20860829945768,
            35.150001470319076
          ],
          [
            51.20848085041046,
            35.10000145210849
          ],
          [
            51.207932247911295,
            35.10000137612153
          ],
          [
            51.20805936158332,
            35.150001394815085
          ],
          [
            51.207510423697165,
            35.15000131682416
          ],
          [
            51.20738364540035,
            35.100001297652284
          ],
          [
            51.206835042877685,
            35.10000121670072
          ],
          [
            51.20696148579928,
            35.15000123634637
          ],
          [
            51.20641254788975,
            35.15000115338168
          ],
          [
            51.20628644034337,
            35.10000113326682
          ],
          [
            51.20573783779748,
            35.1000010473506
          ],
          [
            51.20586360996862,
            35.15000106793009
          ],
          [
            51.20531467203596,
            35.15000097999161
          ],
          [
            51.20518923524007,
            35.10000095895207
          ],
          [
            51.204640632671214,
            35.10000086807125
          ],
          [
            51.20476573409184,
            35.15000088956623
          ],
          [
            51.204216796136336,
            35.150000796653956
          ],
          [
            51.204092030090976,
            35.10000077470809
          ],
          [
            51.20354342749942,
            35.10000067886263
          ],
          [
            51.2036678581695,
            35.15000070125478
          ],
          [
            51.20311892019141,
            35.15000060336872
          ],
          [
            51.20299482489663,
            35.10000058053484
          ],
          [
            51.202446222282646,
            35.10000047972474
          ],
          [
            51.202569982202135,
            35.15000050299575
          ],
          [
            51.202021044201736,
            35.150000400135895
          ],
          [
            51.20189761965756,
            35.10000037643233
          ],
          [
            51.20134901702142,
            35.1000002706576
          ],
          [
            51.20147210619028,
            35.15000029478915
          ],
          [
            51.20092316816783,
            35.150000186955495
          ],
          [
            51.200800414374314,
            35.100000162400555
          ],
          [
            51.20025181171629,
            35.10000005166119
          ],
          [
            51.20037423013447,
            35.15000007663495
          ]
        ]
      }
    },
    {
      "type": "Feature",
      "properties": {
        "drone_id": "drone_01",
        "type": "route"
      },
      "geometry": {
        "type": "LineString",
        "coordinates": [
          [
            51.24962599935954,
            35.10000007654083
          ],
          [
            51.24977860150115,
            35.15000004547771
          ],
          [
            51.24922966470302,
            35.15000015649047
          ],
          [
            51.249077397935274,
            35.100000186727144
          ],
          [
            51.248528796494185,
            35.100000294431155
          ],
          [
            51.248680727888065,
            35.15000026501635
          ],
          [
            51.24813179105633,
            35.15000037105534
          ],
          [
            51.247980195036355,
            35.10000039965286
          ],
          [
            51.24743159356184,
            35.10000050239228
          ],
          [
            51.24758285420789,
            35.15000047460747
          ],
          [
            51.24703391734282,
            35.15000057567268
          ],
          [
            51.246882992070724,
            35.10000060264937
          ],
          [
            51.24633439056306,
            35.10000070042417
          ],
          [
            51.246484980461176,
            35.150000674251025
          ],
          [
            51.245936043563034,
            35.15000077034247
          ],
          [
            51.24578578903891,
            35.100000795716646
          ],
          [
            51.245237187498354,
            35.10000088852683
          ],
          [
            51.24538710664846,
            35.15000086394704
          ],
          [
            51.24483816971752,
            35.150000955064726
          ],
          [
            51.244688585941454,
            35.10000097885471
          ],
          [
            51.244139984368275,
            35.10000106670027
          ],
          [
            51.24428923277028,
            35.15000104369551
          ],
          [
            51.2437402958068,
            35.15000112983942
          ],
          [
            51.24359138277889,
            35.100001152063534
          ],
          [
            51.24304278117335,
            35.10000123494451
          ],
          [
            51.243191358827154,
            35.15000121349643
          ],
          [
            51.24264242183141,
            35.15000129466658
          ],
          [
            51.24249417955175,
            35.10000131534314
          ],
          [
            51.24194557791412,
            35.10000139325948
          ],
          [
            51.24209348481965,
            35.150001373349816
          ],
          [
            51.24154454779191,
            35.15000144954618
          ],
          [
            51.24139697626057,
            35.10000146869351
          ],
          [
            51.24084837459114,
            35.10000154164525
          ],
          [
            51.240995610748286,
            35.15000152325565
          ],
          [
            51.24044667368883,
            35.15000159447825
          ],
          [
            51.2402997729059,
            35.10000161211467
          ],
          [
            51.239751171204915,
            35.100001680101784
          ],
          [
            51.23989773661361,
            35.150001663213935
          ],
          [
            51.23934879952269,
            35.150001729462744
          ],
          [
            51.23920256948826,
            35.10000174560659
          ],
          [
            51.238653967756,
            35.10000180862908
          ],
          [
            51.23879986241615,
            35.15000179322467
          ],
          [
            51.23825092529404,
            35.150001854499706
          ],
          [
            51.2381053660082,
            35.10000186916927
          ],
          [
            51.23755676424493,
            35.10000192722716
          ],
          [
            51.23770198815645,
            35.15000191328785
          ],
          [
            51.237153051003425,
            35.150001969589105
          ],
          [
            51.23700816246625,
            35.10000198280273
          ],
          [
            51.23645956067224,
            35.10000203589599
          ],
          [
            51.23660411383505,
            35.150002023403474
          ],
          [
            51.23605517665138,
            35.150002074730956
          ],
          [
            51.23591095886295,
            35.100002086506954
          ],
          [
            51.23536235703846,
            35.1000021346356
          ],
          [
            51.235506239452484,
            35.15000212357155
          ],
          [
            51.234957302238435,
            35.15000216992525
          ],
          [
            51.23481375519883,
            35.10000218028194
          ],
          [
            51.23426515334413,
            35.10000222344597
          ],
          [
            51.234408365009294,
            35.150002213792064
          ],
          [
            51.23385942776513,
            35.15000225517199
          ],
          [
            51.23371655147444,
            35.100002264127696
          ],
          [
            51.23316794958979,
            35.1000023023271
          ],
          [
            51.233310490506014,
            35.15000229406503
          ],
          [
            51.232761553232,
            35.15000233047117
          ],
          [
            51.232619347690296,
            35.100002338044206
          ],
          [
            51.23207074577599,
            35.100002371279
          ],
          [
            51.23221261594318,
            35.15000236439043
          ],
          [
            51.2316636786396,
            35.150002395822796
          ],
          [
            51.231522143846945,
            35.100002402031485
          ],
          [
            51.23097354190324,
            35.10000243030166
          ],
          [
            51.23111474132134,
            35.15000242476828
          ],
          [
            51.230565803988455,
            35.15000245122687
          ],
          [
            51.23042493994493,
            35.10000245608952
          ],
          [
            51.22987633797209,
            35.100002479395066
          ],
          [
            51.230016866641016,
            35.150002475198555
          ],
          [
            51.2294679292791,
            35.15000249668337
          ],
          [
            51.22932773598478,
            35.10000250021832
          ],
          [
            51.22877913398308,
            35.10000251855925
          ],
          [
            51.228918991902766,
            35.15000251568129
          ],
          [
            51.22837005451208,
            35.15000253219231
          ],
          [
            51.22823053196704,
            35.10000253441787
          ],
          [
            51.227681929936736,
            35.100002547794176
          ],
          [
            51.22782111710711,
            35.15000254621643
          ],
          [
            51.22727217968793,
            35.150002557753695
          ],
          [
            51.22713332789224,
            35.10000255868818
          ],
          [
            51.226584725833604,
            35.100002567099885
          ],
          [
            51.22672324225459,
            35.150002566804034
          ],
          [
            51.22617430480718,
            35.1500025733675
          ],
          [
            51.22603612376091,
            35.10000257302925
          ],
          [
            51.225487521674225,
            35.10000257647633
          ],
          [
            51.225625367345756,
            35.15000257744406
          ],
          [
            51.225076429870384,
            35.150002579033746
          ]
        ]
      }
    },
    {
      "type": "Feature",
      "properties": {
        "drone_id": "drone_02",
        "type": "route"
      },
      "geometry": {
        "type": "LineString",
        "coordinates": [
          [
            51.225076429870384,
            35.150002579033746
          ],
          [
            51.2249389195736,
            35.100002577441074
          ],
          [
            51.22439031745911,
            35.100002575923526
          ],
          [
            51.22452749238113,
            35.15000257813653
          ],
          [
            51.223978554878066,
            35.15000257475243
          ],
          [
            51.223841715330835,
            35.10000257192366
          ],
          [
            51.22329311318883,
            35.10000256544148
          ],
          [
            51.22342961736126,
            35.15000256888144
          ],
          [
            51.22288067983077,
            35.150002560523546
          ],
          [
            51.22274451103316,
            35.10000255647699
          ],
          [
            51.222195908863895,
            35.100002545030186
          ],
          [
            51.22233174228668,
            35.150002549678774
          ],
          [
            51.22178280472904,
            35.1500025363471
          ],
          [
            51.22164730668111,
            35.100002531101076
          ],
          [
            51.22109870448487,
            35.10000251468965
          ],
          [
            51.22123386715793,
            35.15000252052854
          ],
          [
            51.2206849295734,
            35.15000250222309
          ],
          [
            51.22055010227522,
            35.100002495795906
          ],
          [
            51.22000150005225,
            35.10000247441986
          ],
          [
            51.22013599197554,
            35.15000248143073
          ],
          [
            51.2195870543644,
            35.1500024581515
          ],
          [
            51.219452897816026,
            35.1000024505615
          ],
          [
            51.2189042955666,
            35.100002424220826
          ],
          [
            51.21903811674006,
            35.15000243238536
          ],
          [
            51.218489179102576,
            35.15000240413234
          ],
          [
            51.21835569330406,
            35.10000239539785
          ],
          [
            51.21780709102847,
            35.100002364092546
          ],
          [
            51.21794024145202,
            35.15000237339242
          ],
          [
            51.21739130378845,
            35.15000234016559
          ],
          [
            51.21725848873987,
            35.10000233030494
          ],
          [
            51.21670988643836,
            35.100002294035015
          ],
          [
            51.21684236611196,
            35.1500023044519
          ],
          [
            51.21629342842259,
            35.1500022662513
          ],
          [
            51.21616128412399,
            35.100002255282774
          ],
          [
            51.21561268179683,
            35.10000221404822
          ],
          [
            51.21574449072041,
            35.15000222556381
          ],
          [
            51.21519555300551,
            35.150002182389414
          ],
          [
            51.21506407945695,
            35.10000217033135
          ],
          [
            51.21451547710441,
            35.100002124132175
          ],
          [
            51.21464661527793,
            35.15000213672815
          ],
          [
            51.21409767753775,
            35.150002088579974
          ],
          [
            51.213966874739285,
            35.10000207545068
          ],
          [
            51.21341827236164,
            35.10000202428687
          ],
          [
            51.21354873978504,
            35.15000203794491
          ],
          [
            51.21299980201986,
            35.15000198482294
          ],
          [
            51.212869669971546,
            35.10000197064076
          ],
          [
            51.21232106756906,
            35.10000191451231
          ],
          [
            51.21245086424228,
            35.150001929214085
          ],
          [
            51.21190192645237,
            35.15000187111835
          ],
          [
            51.21177246515425,
            35.100001855901574
          ],
          [
            51.211223862727195,
            35.10000179480851
          ],
          [
            51.21135298865019,
            35.150001810535706
          ],
          [
            51.21080405083582,
            35.15000174746618
          ],
          [
            51.21067526028795,
            35.100001731233135
          ],
          [
            51.21012665783659,
            35.100001665175434
          ],
          [
            51.2102551130093,
            35.150001681909735
          ],
          [
            51.20970617517074,
            35.150001613866415
          ],
          [
            51.20957805537318,
            35.100001596635444
          ],
          [
            51.20902945289778,
            35.10000152561313
          ],
          [
            51.20915723732018,
            35.1500015433362
          ],
          [
            51.20860829945768,
            35.150001470319076
          ],
          [
            51.20848085041046,
            35.10000145210849
          ],
          [
            51.207932247911295,
            35.10000137612153
          ],
          [
            51.20805936158332,
            35.150001394815085
          ],
          [
            51.207510423697165,
            35.15000131682416
          ],
          [
            51.20738364540035,
            35.100001297652284
          ],
          [
            51.206835042877685,
            35.10000121670072
          ],
          [
            51.20696148579928,
            35.15000123634637
          ],
          [
            51.20641254788975,
            35.15000115338168
          ],
          [
            51.20628644034337,
            35.10000113326682
          ],
          [
            51.20573783779748,
            35.1000010473506
          ],
          [
            51.20586360996862,
            35.15000106793009
          ],
          [
            51.20531467203596,
            35.15000097999161
          ],
          [
            51.20518923524007,
            35.10000095895207
          ],
          [
            51.204640632671214,
            35.10000086807125
          ],
          [
            51.20476573409184,
            35.15000088956623
          ],
          [
            51.204216796136336,
            35.150000796653956
          ],
          [
            51.204092030090976,
            35.10000077470809
          ],
          [
            51.20354342749942,
            35.10000067886263
          ],
          [
            51.2036678581695,
            35.15000070125478
          ],
          [
            51.20311892019141,
            35.15000060336872
          ],
          [
            51.20299482489663,
            35.10000058053484
          ],
          [
            51.202446222282646,
            35.10000047972474
          ],
          [
            51.202569982202135,
            35.15000050299575
          ],
          [
            51.202021044201736,
            35.150000400135895
          ],
          [
            51.20189761965756,
            35.10000037643233
          ],
          [
            51.20134901702142,
            35.1000002706576
          ],
          [
            51.20147210619028,
            35.15000029478915
          ],
          [
            51.20092316816783,
            35.150000186955495
          ],
          [
            51.200800414374314,
            35.100000162400555
          ],
          [
            51.20025181171629,
            35.10000005166119
          ],
          [
            51.20037423013447,
            35.15000007663495
          ]
        ]
      }
    },
    {
      "type": "Feature",
      "properties": {
        "drone_id": "drone_01",
        "type": "route"
      },
      "geometry": {
        "type": "LineString",
        "coordinates": [
          [
            51.24962599935954,
            35.10000007654083
          ],
          [
            51.24977860150115,
            35.15000004547771
          ],
          [
            51.24922966470302,
            35.15000015649047
          ],
          [
            51.249077397935274,
            35.100000186727144
          ],
          [
            51.248528796494185,
            35.100000294431155
          ],
          [
            51.248680727888065,
            35.15000026501635
          ],
          [
            51.24813179105633,
            35.15000037105534
          ],
          [
            51.247980195036355,
            35.10000039965286
          ],
          [
            51.24743159356184,
            35.10000050239228
          ],
          [
            51.24758285420789,
            35.15000047460747
          ],
          [
            51.24703391734282,
            35.15000057567268
          ],
          [
            51.246882992070724,
            35.10000060264937
          ],
          [
            51.24633439056306,
            35.10000070042417
          ],
          [
            51.246484980461176,
            35.150000674251025
          ],
          [
            51.245936043563034,
            35.15000077034247
          ],
          [
            51.24578578903891,
            35.100000795716646
          ],
          [
            51.245237187498354,
            35.10000088852683
          ],
          [
            51.24538710664846,
            35.15000086394704
          ],
          [
            51.24483816971752,
            35.150000955064726
          ],
          [
            51.244688585941454,
            35.10000097885471
          ],
          [
            51.244139984368275,
            35.10000106670027
          ],
          [
            51.24428923277028,
            35.15000104369551
          ],
          [
            51.2437402958068,
            35.15000112983942
          ],
          [
            51.24359138277889,
            35.100001152063534
          ],
          [
            51.24304278117335,
            35.10000123494451
          ],
          [
            51.243191358827154,
            35.15000121349643
          ],
          [
            51.24264242183141,
            35.15000129466658
          ],
          [
            51.24249417955175,
            35.10000131534314
          ],
          [
            51.24194557791412,
            35.10000139325948
          ],
          [
            51.24209348481965,
            35.150001373349816
          ],
          [
            51.24154454779191,
            35.15000144954618
          ],
          [
            51.24139697626057,
            35.10000146869351
          ],
          [
            51.24084837459114,
            35.10000154164525
          ],
          [
            51.240995610748286,
            35.15000152325565
          ],
          [
            51.24044667368883,
            35.15000159447825
          ],
          [
            51.2402997729059,
            35.10000161211467
          ],
          [
            51.239751171204915,
            35.100001680101784
          ],
          [
            51.23989773661361,
            35.150001663213935
          ],
          [
            51.23934879952269,
            35.150001729462744
          ],
          [
            51.23920256948826,
            35.10000174560659
          ],
          [
            51.238653967756,
            35.10000180862908
          ],
          [
            51.23879986241615,
            35.15000179322467
          ],
          [
            51.23825092529404,
            35.150001854499706
          ],
          [
            51.2381053660082,
            35.10000186916927
          ],
          [
            51.23755676424493,
            35.10000192722716
          ],
          [
            51.23770198815645,
            35.15000191328785
          ],
          [
            51.237153051003425,
            35.150001969589105
          ],
          [
            51.23700816246625,
            35.10000198280273
          ],
          [
            51.23645956067224,
            35.10000203589599
          ],
          [
            51.23660411383505,
            35.150002023403474
          ],
          [
            51.23605517665138,
            35.150002074730956
          ],
          [
            51.23591095886295,
            35.100002086506954
          ],
          [
            51.23536235703846,
            35.1000021346356
          ],
          [
            51.235506239452484,
            35.15000212357155
          ],
          [
            51.234957302238435,
            35.15000216992525
          ],
          [
            51.23481375519883,
            35.10000218028194
          ],
          [
            51.23426515334413,
            35.10000222344597
          ],
          [
            51.234408365009294,
            35.150002213792064
          ],
          [
            51.23385942776513,
            35.15000225517199
          ],
          [
            51.23371655147444,
            35.100002264127696
          ],
          [
            51.23316794958979,
            35.1000023023271
          ],
          [
            51.233310490506014,
            35.15000229406503
          ],
          [
            51.232761553232,
            35.15000233047117
          ],
          [
            51.232619347690296,
            35.100002338044206
          ],
          [
            51.23207074577599,
            35.100002371279
          ],
          [
            51.23221261594318,
            35.15000236439043
          ],
          [
            51.2316636786396,
            35.150002395822796
          ],
          [
            51.231522143846945,
            35.100002402031485
          ],
          [
            51.23097354190324,
            35.10000243030166
          ],
          [
            51.23111474132134,
            35.15000242476828
          ],
          [
            51.230565803988455,
            35.15000245122687
          ],
          [
            51.23042493994493,
            35.10000245608952
          ],
          [
            51.22987633797209,
            35.100002479395066
          ],
          [
            51.230016866641016,
            35.150002475198555
          ],
          [
            51.2294679292791,
            35.15000249668337
          ],
          [
            51.22932773598478,
            35.10000250021832
          ],
          [
            51.22877913398308,
            35.10000251855925
          ],
          [
            51.228918991902766,
            35.15000251568129
          ],
          [
            51.22837005451208,
            35.15000253219231
          ],
          [
            51.22823053196704,
            35.10000253441787
          ],
          [
            51.227681929936736,
            35.100002547794176
          ],
          [
            51.22782111710711,
            35.15000254621643
          ],
          [
            51.22727217968793,
            35.150002557753695
          ],
          [
            51.22713332789224,
            35.10000255868818
          ],
          [
            51.226584725833604,
            35.100002567099885
          ],
          [
            51.22672324225459,
            35.150002566804034
          ],
          [
            51.22617430480718,
            35.1500025733675
          ],
          [
            51.22603612376091,
            35.10000257302925
          ],
          [
            51.225487521674225,
            35.10000257647633
          ],
          [
            51.225625367345756,
            35.15000257744406
          ],
          [
            51.225076429870384,
            35.150002579033746
          ]
        ]
      }
    },
    {
      "type": "Feature",
      "properties": {
        "drone_id": "drone_02",
        "type": "route"
      },
      "geometry": {
        "type": "LineString",
        "coordinates": [
          [
            51.225076429870384,
            35.150002579033746
          ],
          [
            51.2249389195736,
            35.100002577441074
          ],
          [
            51.22439031745911,
            35.100002575923526
          ],
          [
            51.22452749238113,
            35.15000257813653
          ],
          [
            51.223978554878066,
            35.15000257475243
          ],
          [
            51.223841715330835,
            35.10000257192366
          ],
          [
            51.22329311318883,
            35.10000256544148
          ],
          [
            51.22342961736126,
            35.15000256888144
          ],
          [
            51.22288067983077,
            35.150002560523546
          ],
          [
            51.22274451103316,
            35.10000255647699
          ],
          [
            51.222195908863895,
            35.100002545030186
          ],
          [
            51.22233174228668,
            35.150002549678774
          ],
          [
            51.22178280472904,
            35.1500025363471
          ],
          [
            51.22164730668111,
            35.100002531101076
          ],
          [
            51.22109870448487,
            35.10000251468965
          ],
          [
            51.22123386715793,
            35.15000252052854
          ],
          [
            51.2206849295734,
            35.15000250222309
          ],
          [
            51.22055010227522,
            35.100002495795906
          ],
          [
            51.22000150005225,
            35.10000247441986
          ],
          [
            51.22013599197554,
            35.15000248143073
          ],
          [
            51.2195870543644,
            35.1500024581515
          ],
          [
            51.219452897816026,
            35.1000024505615
          ],
          [
            51.2189042955666,
            35.100002424220826
          ],
          [
            51.21903811674006,
            35.15000243238536
          ],
          [
            51.218489179102576,
            35.15000240413234
          ],
          [
            51.21835569330406,
            35.10000239539785
          ],
          [
            51.21780709102847,
            35.100002364092546
          ],
          [
            51.21794024145202,
            35.15000237339242
          ],
          [
            51.21739130378845,
            35.15000234016559
          ],
          [
            51.21725848873987,
            35.10000233030494
          ],
          [
            51.21670988643836,
            35.100002294035015
          ],
          [
            51.21684236611196,
            35.1500023044519
          ],
          [
            51.21629342842259,
            35.1500022662513
          ],
          [
            51.21616128412399,
            35.100002255282774
          ],
          [
            51.21561268179683,
            35.10000221404822
          ],
          [
            51.21574449072041,
            35.15000222556381
          ],
          [
            51.21519555300551,
            35.150002182389414
          ],
          [
            51.21506407945695,
            35.10000217033135
          ],
          [
            51.21451547710441,
            35.100002124132175
          ],
          [
            51.21464661527793,
            35.15000213672815
          ],
          [
            51.21409767753775,
            35.150002088579974
          ],
          [
            51.213966874739285,
            35.10000207545068
          ],
          [
            51.21341827236164,
            35.10000202428687
          ],
          [
            51.21354873978504,
            35.15000203794491
          ],
          [
            51.21299980201986,
            35.15000198482294
          ],
          [
            51.212869669971546,
            35.10000197064076
          ],
          [
            51.21232106756906,
            35.10000191451231
          ],
          [
            51.21245086424228,
            35.150001929214085
          ],
          [
            51.21190192645237,
            35.15000187111835
          ],
          [
            51.21177246515425,
            35.100001855901574
          ],
          [
            51.211223862727195,
            35.10000179480851
          ],
          [
            51.21135298865019,
            35.150001810535706
          ],
          [
            51.21080405083582,
            35.15000174746618
          ],
          [
            51.21067526028795,
            35.100001731233135
          ],
          [
            51.21012665783659,
            35.100001665175434
          ],
          [
            51.2102551130093,
            35.150001681909735
          ],
          [
            51.20970617517074,
            35.150001613866415
          ],
          [
            51.20957805537318,
            35.100001596635444
          ],
          [
            51.20902945289778,
            35.10000152561313
          ],
          [
            51.20915723732018,
            35.1500015433362
          ],
          [
            51.20860829945768,
            35.150001470319076
          ],
          [
            51.20848085041046,
            35.10000145210849
          ],
          [
            51.207932247911295,
            35.10000137612153
          ],
          [
            51.20805936158332,
            35.150001394815085
          ],
          [
            51.207510423697165,
            35.15000131682416
          ],
          [
            51.20738364540035,
            35.100001297652284
          ],
          [
            51.206835042877685,
            35.10000121670072
          ],
          [
            51.20696148579928,
            35.15000123634637
          ],
          [
            51.20641254788975,
            35.15000115338168
          ],
          [
            51.20628644034337,
            35.10000113326682
          ],
          [
            51.20573783779748,
            35.1000010473506
          ],
          [
            51.20586360996862,
            35.15000106793009
          ],
          [
            51.20531467203596,
            35.15000097999161
          ],
          [
            51.20518923524007,
            35.10000095895207
          ],
          [
            51.204640632671214,
            35.10000086807125
          ],
          [
            51.20476573409184,
            35.15000088956623
          ],
          [
            51.204216796136336,
            35.150000796653956
          ],
          [
            51.204092030090976,
            35.10000077470809
          ],
          [
            51.20354342749942,
            35.10000067886263
          ],
          [
            51.2036678581695,
            35.15000070125478
          ],
          [
            51.20311892019141,
            35.15000060336872
          ],
          [
            51.20299482489663,
            35.10000058053484
          ],
          [
            51.202446222282646,
            35.10000047972474
          ],
          [
            51.202569982202135,
            35.15000050299575
          ],
          [
            51.202021044201736,
            35.150000400135895
          ],
          [
            51.20189761965756,
            35.10000037643233
          ],
          [
            51.20134901702142,
            35.1000002706576
          ],
          [
            51.20147210619028,
            35.15000029478915
          ],
          [
            51.20092316816783,
            35.150000186955495
          ],
          [
            51.200800414374314,
            35.100000162400555
          ],
          [
            51.20025181171629,
            35.10000005166119
          ],
          [
            51.20037423013447,
            35.15000007663495
          ]
        ]
      }
    },
    {
      "type": "Feature",
      "properties": {
        "drone_id": "drone_02",
        "type": "route"
      },
      "geometry": {
        "type": "LineString",
        "coordinates": [
          [
            51.225076429870384,
            35.150002579033746
          ],
          [
            51.2249389195736,
            35.100002577441074
          ],
          [
            51.22439031745911,
            35.100002575923526
          ],
          [
            51.22452749238113,
            35.15000257813653
          ],
          [
            51.223978554878066,
            35.15000257475243
          ],
          [
            51.223841715330835,
            35.10000257192366
          ],
          [
            51.22329311318883,
            35.10000256544148
          ],
          [
            51.22342961736126,
            35.15000256888144
          ],
          [
            51.22288067983077,
            35.150002560523546
          ],
          [
            51.22274451103316,
            35.10000255647699
          ],
          [
            51.222195908863895,
            35.100002545030186
          ],
          [
            51.22233174228668,
            35.150002549678774
          ],
          [
            51.22178280472904,
            35.1500025363471
          ],
          [
            51.22164730668111,
            35.100002531101076
          ],
          [
            51.22109870448487,
            35.10000251468965
          ],
          [
            51.22123386715793,
            35.15000252052854
          ],
          [
            51.2206849295734,
            35.15000250222309
          ],
          [
            51.22055010227522,
            35.100002495795906
          ],
          [
            51.22000150005225,
            35.10000247441986
          ],
          [
            51.22013599197554,
            35.15000248143073
          ],
          [
            51.2195870543644,
            35.1500024581515
          ],
          [
            51.219452897816026,
            35.1000024505615
          ],
          [
            51.2189042955666,
            35.100002424220826
          ],
          [
            51.21903811674006,
            35.15000243238536
          ],
          [
            51.218489179102576,
            35.15000240413234
          ],
          [
            51.21835569330406,
            35.10000239539785
          ],
          [
            51.21780709102847,
            35.100002364092546
          ],
          [
            51.21794024145202,
            35.15000237339242
          ],
          [
            51.21739130378845,
            35.15000234016559
          ],
          [
            51.21725848873987,
            35.10000233030494
          ],
          [
            51.21670988643836,
            35.100002294035015
          ],
          [
            51.21684236611196,
            35.1500023044519
          ],
          [
            51.21629342842259,
            35.1500022662513
          ],
          [
            51.21616128412399,
            35.100002255282774
          ],
          [
            51.21561268179683,
            35.10000221404822
          ],
          [
            51.21574449072041,
            35.15000222556381
          ],
          [
            51.21519555300551,
            35.150002182389414
          ],
          [
            51.21506407945695,
            35.10000217033135
          ],
          [
            51.21451547710441,
            35.100002124132175
          ],
          [
            51.21464661527793,
            35.15000213672815
          ],
          [
            51.21409767753775,
            35.150002088579974
          ],
          [
            51.213966874739285,
            35.10000207545068
          ],
          [
            51.21341827236164,
            35.10000202428687
          ],
          [
            51.21354873978504,
            35.15000203794491
          ],
          [
            51.21299980201986,
            35.15000198482294
          ],
          [
            51.212869669971546,
            35.10000197064076
          ],
          [
            51.21232106756906,
            35.10000191451231
          ],
          [
            51.21245086424228,
            35.150001929214085
          ],
          [
            51.21190192645237,
            35.15000187111835
          ],
          [
            51.21177246515425,
            35.100001855901574
          ],
          [
            51.211223862727195,
            35.10000179480851
          ],
          [
            51.21135298865019,
            35.150001810535706
          ],
          [
            51.21080405083582,
            35.15000174746618
          ],
          [
            51.21067526028795,
            35.100001731233135
          ],
          [
            51.21012665783659,
            35.100001665175434
          ],
          [
            51.2102551130093,
            35.150001681909735
          ],
          [
            51.20970617517074,
            35.150001613866415
          ],
          [
            51.20957805537318,
            35.100001596635444
          ],
          [
            51.20902945289778,
            35.10000152561313
          ],
          [
            51.20915723732018,
            35.1500015433362
          ],
          [
            51.20860829945768,
            35.150001470319076
          ],
          [
            51.20848085041046,
            35.10000145210849
          ],
          [
            51.207932247911295,
            35.10000137612153
          ],
          [
            51.20805936158332,
            35.150001394815085
          ],
          [
            51.207510423697165,
            35.15000131682416
          ],
          [
            51.20738364540035,
            35.100001297652284
          ],
          [
            51.206835042877685,
            35.10000121670072
          ],
          [
            51.20696148579928,
            35.15000123634637
          ],
          [
            51.20641254788975,
            35.15000115338168
          ],
          [
            51.20628644034337,
            35.10000113326682
          ],
          [
            51.20573783779748,
            35.1000010473506
          ],
          [
            51.20586360996862,
            35.15000106793009
          ],
          [
            51.20531467203596,
            35.15000097999161
          ],
          [
            51.20518923524007,
            35.10000095895207
          ],
          [
            51.204640632671214,
            35.10000086807125
          ],
          [
            51.20476573409184,
            35.15000088956623
          ],
          [
            51.204216796136336,
            35.150000796653956
          ],
          [
            51.204092030090976,
            35.10000077470809
          ],
          [
            51.20354342749942,
            35.10000067886263
          ],
          [
            51.2036678581695,
            35.15000070125478
          ],
          [
            51.20311892019141,
            35.15000060336872
          ],
          [
            51.20299482489663,
            35.10000058053484
          ],
          [
            51.202446222282646,
            35.10000047972474
          ],
          [
            51.202569982202135,
            35.15000050299575
          ],
          [
            51.202021044201736,
            35.150000400135895
          ],
          [
            51.20189761965756,
            35.10000037643233
          ],
          [
            51.20134901702142,
            35.1000002706576
          ],
          [
            51.20147210619028,
            35.15000029478915
          ],
          [
            51.20092316816783,
            35.150000186955495
          ],
          [
            51.200800414374314,
            35.100000162400555
          ],
          [
            51.20025181171629,
            35.10000005166119
          ],
          [
            51.20037423013447,
            35.15000007663495
          ]
        ]
      }
    }
  ]
}